variable,J,run,site
ALK,0.0120516661195848,baseline/HOT,HOT
Chl,5.80257645607059,baseline/HOT,HOT
DIC,0.0111494161465909,baseline/HOT,HOT
NO3,0.8159469613705937,baseline/HOT,HOT
O2,0.6033637480058653,baseline/HOT,HOT
PO4,0.8134597183575043,baseline/HOT,HOT
POC,14.287084485668082,baseline/HOT,HOT
POC_flux,6.891574514330263,baseline/HOT,HOT
PP,6.705619900189183,baseline/HOT,HOT
SiO2,8.560017126720233,baseline/HOT,HOT
pCO2,0.1988741906880029,baseline/HOT,HOT
ALK,0.0120454200953939,opt/global_HOT,HOT
Chl,5.2009815760522375,opt/global_HOT,HOT
DIC,0.0112177028262351,opt/global_HOT,HOT
NO3,0.7849547479212328,opt/global_HOT,HOT
O2,0.6065851988847546,opt/global_HOT,HOT
PO4,0.7952813637876798,opt/global_HOT,HOT
POC,14.243302360358449,opt/global_HOT,HOT
POC_flux,6.490194616672722,opt/global_HOT,HOT
PP,6.811775558809883,opt/global_HOT,HOT
SiO2,1.3026493039208078,opt/global_HOT,HOT
pCO2,0.201343767625228,opt/global_HOT,HOT
ALK,0.0140862464819696,opt_kz/global_HOT,HOT
Chl,3.58414967452611,opt_kz/global_HOT,HOT
DIC,0.0115332224175193,opt_kz/global_HOT,HOT
NO3,0.8693490732670038,opt_kz/global_HOT,HOT
O2,0.5927245830704624,opt_kz/global_HOT,HOT
PO4,0.932458157245682,opt_kz/global_HOT,HOT
POC,10.401954282303484,opt_kz/global_HOT,HOT
POC_flux,4.629750969874721,opt_kz/global_HOT,HOT
PP,5.52806817796601,opt_kz/global_HOT,HOT
SiO2,2.6322100347363913,opt_kz/global_HOT,HOT
pCO2,0.2512322475023176,opt_kz/global_HOT,HOT
ALK,0.011864430327409,opt/onlyHOT_HOT,HOT
Chl,2.429240684221882,opt/onlyHOT_HOT,HOT
DIC,0.0112149350774756,opt/onlyHOT_HOT,HOT
NO3,0.6762640539676332,opt/onlyHOT_HOT,HOT
O2,0.6302996631409853,opt/onlyHOT_HOT,HOT
PO4,0.7860701223227095,opt/onlyHOT_HOT,HOT
POC,7.724270350382156,opt/onlyHOT_HOT,HOT
POC_flux,6.260727656517508,opt/onlyHOT_HOT,HOT
PP,6.8557325001414355,opt/onlyHOT_HOT,HOT
SiO2,2.909659445656443,opt/onlyHOT_HOT,HOT
pCO2,0.2006832529240642,opt/onlyHOT_HOT,HOT
ALK,0.0234137863301493,baseline/BATS,BATS
Chl,1.539910401957432,baseline/BATS,BATS
DIC,0.0225937129550731,baseline/BATS,BATS
NO3,1.3430925656285893,baseline/BATS,BATS
O2,0.2034133599782379,baseline/BATS,BATS
PO4,3.6313048383133095,baseline/BATS,BATS
POC,8.212224000839289,baseline/BATS,BATS
POC_flux,0.8709644028870637,baseline/BATS,BATS
PP,2.51657481448148,baseline/BATS,BATS
SiO2,2.06510662654953,baseline/BATS,BATS
pCO2,0.3319609954994519,baseline/BATS,BATS
ALK,0.0239347530247947,opt/global_BATS,BATS
Chl,1.458305815150698,opt/global_BATS,BATS
DIC,0.0228171242911689,opt/global_BATS,BATS
NO3,1.242087441133752,opt/global_BATS,BATS
O2,0.1999933571075679,opt/global_BATS,BATS
PO4,3.582662775939884,opt/global_BATS,BATS
POC,8.14867224900275,opt/global_BATS,BATS
POC_flux,0.8540530195098267,opt/global_BATS,BATS
PP,2.3320243951977573,opt/global_BATS,BATS
SiO2,2.092399894475658,opt/global_BATS,BATS
pCO2,0.3347492515638621,opt/global_BATS,BATS
ALK,0.024028715551518,opt_kz/global_BATS,BATS
Chl,1.4525880743379254,opt_kz/global_BATS,BATS
DIC,0.0228519807460085,opt_kz/global_BATS,BATS
NO3,1.2184834880372657,opt_kz/global_BATS,BATS
O2,0.1981395678839028,opt_kz/global_BATS,BATS
PO4,3.873657759249034,opt_kz/global_BATS,BATS
POC,8.144430808227684,opt_kz/global_BATS,BATS
POC_flux,0.8661040053331267,opt_kz/global_BATS,BATS
PP,2.2712507019762422,opt_kz/global_BATS,BATS
SiO2,2.175860628333742,opt_kz/global_BATS,BATS
pCO2,0.3321168346422758,opt_kz/global_BATS,BATS
ALK,0.0234109157655716,opt/onlyBATS_BATS,BATS
Chl,1.4011573803093618,opt/onlyBATS_BATS,BATS
DIC,0.0227479735491233,opt/onlyBATS_BATS,BATS
NO3,1.2372460086356205,opt/onlyBATS_BATS,BATS
O2,0.2066748464120275,opt/onlyBATS_BATS,BATS
PO4,3.1927514928201286,opt/onlyBATS_BATS,BATS
POC,8.12425668639628,opt/onlyBATS_BATS,BATS
POC_flux,0.8708246157653818,opt/onlyBATS_BATS,BATS
PP,2.2953982631462018,opt/onlyBATS_BATS,BATS
SiO2,2.0671712505081676,opt/onlyBATS_BATS,BATS
pCO2,0.339115037290854,opt/onlyBATS_BATS,BATS
ALK,0.2439177646191271,baseline/HydroS,HydroS
DIC,0.2454239036823993,baseline/HydroS,HydroS
NO3,1.70334532471252,baseline/HydroS,HydroS
O2,0.1734332776187283,baseline/HydroS,HydroS
PO4,6.398060653490831,baseline/HydroS,HydroS
SiO2,13.292622303690154,baseline/HydroS,HydroS
pCO2,0.3294214456886575,baseline/HydroS,HydroS
ALK,0.2442710599167267,opt/global_HydroS,HydroS
DIC,0.2451869169081177,opt/global_HydroS,HydroS
NO3,1.697283573706635,opt/global_HydroS,HydroS
O2,0.1680838823949017,opt/global_HydroS,HydroS
PO4,6.476810047581458,opt/global_HydroS,HydroS
SiO2,13.240181868425102,opt/global_HydroS,HydroS
pCO2,0.3321356111979736,opt/global_HydroS,HydroS
ALK,0.24433121196811,opt_kz/global_HydroS,HydroS
DIC,0.2451496348940982,opt_kz/global_HydroS,HydroS
NO3,1.713623531539406,opt_kz/global_HydroS,HydroS
O2,0.1680822136933593,opt_kz/global_HydroS,HydroS
PO4,6.575321238336352,opt_kz/global_HydroS,HydroS
SiO2,12.637499317698287,opt_kz/global_HydroS,HydroS
pCO2,0.3309030354867031,opt_kz/global_HydroS,HydroS
ALK,0.2438814344876227,opt/onlyHydroS_HydroS,HydroS
DIC,0.245575158423465,opt/onlyHydroS_HydroS,HydroS
NO3,1.7693646659773992,opt/onlyHydroS_HydroS,HydroS
O2,0.1762861612266305,opt/onlyHydroS_HydroS,HydroS
PO4,6.072737815687029,opt/onlyHydroS_HydroS,HydroS
SiO2,12.951292410418652,opt/onlyHydroS_HydroS,HydroS
pCO2,0.3335176461278958,opt/onlyHydroS_HydroS,HydroS
ALK,0.0108296222559985,baseline/PAPA,PAPA
Chl,2.822888285944994,baseline/PAPA,PAPA
DIC,0.0136821160776418,baseline/PAPA,PAPA
NO3,3.9990262550846194,baseline/PAPA,PAPA
O2,2.806570244904111,baseline/PAPA,PAPA
PO4,3.554233731561439,baseline/PAPA,PAPA
SiO2,4.6836806741468875,baseline/PAPA,PAPA
pCO2,0.5868896743847024,baseline/PAPA,PAPA
ALK,0.0095157753122285,opt/global_PAPA,PAPA
Chl,2.7730041751321677,opt/global_PAPA,PAPA
DIC,0.0122834504130477,opt/global_PAPA,PAPA
NO3,3.4996206835839643,opt/global_PAPA,PAPA
O2,2.8046056741851886,opt/global_PAPA,PAPA
PO4,3.0423053278768646,opt/global_PAPA,PAPA
SiO2,4.775634746184342,opt/global_PAPA,PAPA
pCO2,0.5765399931827679,opt/global_PAPA,PAPA
ALK,0.0187121319949445,opt_kz/global_PAPA,PAPA
Chl,2.93311134138465,opt_kz/global_PAPA,PAPA
DIC,0.0218482502133365,opt_kz/global_PAPA,PAPA
NO3,2.12198452062404,opt_kz/global_PAPA,PAPA
O2,2.942704972645074,opt_kz/global_PAPA,PAPA
PO4,1.837502743350319,opt_kz/global_PAPA,PAPA
SiO2,4.432486697484758,opt_kz/global_PAPA,PAPA
pCO2,0.4858263713715983,opt_kz/global_PAPA,PAPA
ALK,0.0098135362753714,opt/onlyPAPA_PAPA,PAPA
Chl,2.951553347244355,opt/onlyPAPA_PAPA,PAPA
DIC,0.013413992499994,opt/onlyPAPA_PAPA,PAPA
NO3,2.445381682474699,opt/onlyPAPA_PAPA,PAPA
O2,2.7632827721815274,opt/onlyPAPA_PAPA,PAPA
PO4,1.9965047808677976,opt/onlyPAPA_PAPA,PAPA
SiO2,4.322609311619471,opt/onlyPAPA_PAPA,PAPA
pCO2,0.8214486403253987,opt/onlyPAPA_PAPA,PAPA
ALK,0.0264943237686474,baseline/PAP,PAP
Chl,2.3250816968204693,baseline/PAP,PAP
DIC,0.031306675631673,baseline/PAP,PAP
NO3,2.2747301105482394,baseline/PAP,PAP
O2,0.4701226435726424,baseline/PAP,PAP
PO4,1.6827680248228218,baseline/PAP,PAP
SiO2,17.697081356254618,baseline/PAP,PAP
pCO2,1.0301056179207195,baseline/PAP,PAP
ALK,0.026457338739934,opt/global_PAP,PAP
Chl,2.3099106315247604,opt/global_PAP,PAP
DIC,0.0310809244420255,opt/global_PAP,PAP
NO3,2.0321371726148536,opt/global_PAP,PAP
O2,0.4614102160553252,opt/global_PAP,PAP
PO4,1.502544506810158,opt/global_PAP,PAP
SiO2,4.918220797753585,opt/global_PAP,PAP
pCO2,0.9511813130053988,opt/global_PAP,PAP
ALK,0.0264370378729453,opt_kz/global_PAP,PAP
Chl,2.2156433753574554,opt_kz/global_PAP,PAP
DIC,0.0310970587016576,opt_kz/global_PAP,PAP
NO3,2.0760684907942166,opt_kz/global_PAP,PAP
O2,0.4624557545955624,opt_kz/global_PAP,PAP
PO4,1.5317621078663357,opt_kz/global_PAP,PAP
SiO2,5.568865238136096,opt_kz/global_PAP,PAP
pCO2,0.9441862711108364,opt_kz/global_PAP,PAP
ALK,0.0262621660261928,opt/onlyPAP_PAP,PAP
Chl,1.8803990662446632,opt/onlyPAP_PAP,PAP
DIC,0.0310241969662057,opt/onlyPAP_PAP,PAP
NO3,1.9910474100002655,opt/onlyPAP_PAP,PAP
O2,0.4478340965894767,opt/onlyPAP_PAP,PAP
PO4,1.4512265694353388,opt/onlyPAP_PAP,PAP
SiO2,4.94820288110197,opt/onlyPAP_PAP,PAP
pCO2,0.9287345944903904,opt/onlyPAP_PAP,PAP
ALK,0.0133683364714533,opt_kz/onlyHOT_HOT,HOT
Chl,1.962593052728774,opt_kz/onlyHOT_HOT,HOT
DIC,0.0114306972185213,opt_kz/onlyHOT_HOT,HOT
NO3,0.7077658050666545,opt_kz/onlyHOT_HOT,HOT
O2,0.611993812338872,opt_kz/onlyHOT_HOT,HOT
PO4,0.8391460044176949,opt_kz/onlyHOT_HOT,HOT
POC,6.436509384274873,opt_kz/onlyHOT_HOT,HOT
POC_flux,4.212743797134181,opt_kz/onlyHOT_HOT,HOT
PP,5.71131175371998,opt_kz/onlyHOT_HOT,HOT
SiO2,3.168320935406759,opt_kz/onlyHOT_HOT,HOT
pCO2,0.2512239179857058,opt_kz/onlyHOT_HOT,HOT
ALK,0.0120591077708013,opt_kz/onlyPAPA_PAPA,PAPA
Chl,2.4778495442213,opt_kz/onlyPAPA_PAPA,PAPA
DIC,0.0162857468319229,opt_kz/onlyPAPA_PAPA,PAPA
NO3,2.27160000683284,opt_kz/onlyPAPA_PAPA,PAPA
O2,2.792108465927951,opt_kz/onlyPAPA_PAPA,PAPA
PO4,1.876369289122955,opt_kz/onlyPAPA_PAPA,PAPA
SiO2,4.082308159048513,opt_kz/onlyPAPA_PAPA,PAPA
pCO2,0.7335692006305745,opt_kz/onlyPAPA_PAPA,PAPA
ALK,0.0118226999427347,exp/HOT_picogrow2,HOT
Chl,2.0517384420612084,exp/HOT_picogrow2,HOT
DIC,0.0111998656498884,exp/HOT_picogrow2,HOT
NO3,0.6877014137740245,exp/HOT_picogrow2,HOT
O2,0.6295352632817445,exp/HOT_picogrow2,HOT
PO4,0.7914518776092541,exp/HOT_picogrow2,HOT
POC,7.608109424187915,exp/HOT_picogrow2,HOT
POC_flux,6.103839875113445,exp/HOT_picogrow2,HOT
PP,6.81640798968175,exp/HOT_picogrow2,HOT
SiO2,7.266666049507545,exp/HOT_picogrow2,HOT
pCO2,0.199633299886987,exp/HOT_picogrow2,HOT
ALK,0.0134810461399797,exp/HOT_kz3,HOT
Chl,8.256726592530057,exp/HOT_kz3,HOT
DIC,0.0115696375091235,exp/HOT_kz3,HOT
NO3,0.6856626153321895,exp/HOT_kz3,HOT
O2,0.6231240104020761,exp/HOT_kz3,HOT
PO4,0.8372340179478763,exp/HOT_kz3,HOT
POC,4.7927612289251975,exp/HOT_kz3,HOT
POC_flux,3.693605680384268,exp/HOT_kz3,HOT
PP,6.182000773190504,exp/HOT_kz3,HOT
SiO2,4.170580627940985,exp/HOT_kz3,HOT
pCO2,0.267504688086108,exp/HOT_kz3,HOT
ALK,0.0135732844257993,exp/HOT_kz3_picogrow2,HOT
Chl,3.9676032929959737,exp/HOT_kz3_picogrow2,HOT
DIC,0.0115680809836544,exp/HOT_kz3_picogrow2,HOT
NO3,0.6924017168834725,exp/HOT_kz3_picogrow2,HOT
O2,0.6200602536960997,exp/HOT_kz3_picogrow2,HOT
PO4,0.8442938996624406,exp/HOT_kz3_picogrow2,HOT
POC,4.687444563186652,exp/HOT_kz3_picogrow2,HOT
POC_flux,3.5106660327717853,exp/HOT_kz3_picogrow2,HOT
PP,5.969372266676191,exp/HOT_kz3_picogrow2,HOT
SiO2,1.9741240940968792,exp/HOT_kz3_picogrow2,HOT
pCO2,0.2647640473149067,exp/HOT_kz3_picogrow2,HOT
ALK,0.0232539074117273,exp/BATS_picogrow2,BATS
Chl,1.3878871521860645,exp/BATS_picogrow2,BATS
DIC,0.0227566057909578,exp/BATS_picogrow2,BATS
NO3,1.203667772751957,exp/BATS_picogrow2,BATS
O2,0.2045699352390337,exp/BATS_picogrow2,BATS
PO4,2.9856011562101905,exp/BATS_picogrow2,BATS
POC,8.103499653923441,exp/BATS_picogrow2,BATS
POC_flux,0.9351835781608212,exp/BATS_picogrow2,BATS
PP,2.2246516347575653,exp/BATS_picogrow2,BATS
SiO2,2.0714423155366917,exp/BATS_picogrow2,BATS
pCO2,0.3412609449424878,exp/BATS_picogrow2,BATS
ALK,0.02338606525287,exp/BATS_kz3,BATS
Chl,1.3363879020989622,exp/BATS_kz3,BATS
DIC,0.0227383908218074,exp/BATS_kz3,BATS
NO3,1.2101158314430045,exp/BATS_kz3,BATS
O2,0.2038620697536813,exp/BATS_kz3,BATS
PO4,3.504833785645086,exp/BATS_kz3,BATS
POC,8.083537829825456,exp/BATS_kz3,BATS
POC_flux,0.8980789054959498,exp/BATS_kz3,BATS
PP,2.1552597364358697,exp/BATS_kz3,BATS
SiO2,2.2003711797845984,exp/BATS_kz3,BATS
pCO2,0.3335404923053793,exp/BATS_kz3,BATS
ALK,0.0097776242261073,exp/PAPA_ksatfe3,PAPA
Chl,2.92718312597521,exp/PAPA_ksatfe3,PAPA
DIC,0.0134344831195011,exp/PAPA_ksatfe3,PAPA
NO3,2.3678430890338062,exp/PAPA_ksatfe3,PAPA
O2,2.7681458314285696,exp/PAPA_ksatfe3,PAPA
PO4,1.9330712364139695,exp/PAPA_ksatfe3,PAPA
SiO2,3.968895560523207,exp/PAPA_ksatfe3,PAPA
pCO2,0.8017030311740931,exp/PAPA_ksatfe3,PAPA
ALK,0.0120429076658304,exp/PAPA_upwell,PAPA
Chl,2.880137679511922,exp/PAPA_upwell,PAPA
DIC,0.0152272587758145,exp/PAPA_upwell,PAPA
NO3,4.431889410464317,exp/PAPA_upwell,PAPA
O2,2.821924184329295,exp/PAPA_upwell,PAPA
PO4,5.630044644310033,exp/PAPA_upwell,PAPA
SiO2,3.180674073074488,exp/PAPA_upwell,PAPA
pCO2,0.4846417617112323,exp/PAPA_upwell,PAPA
ALK,0.0106488615007398,exp/PAPA_ksatfe3_upwell,PAPA
Chl,3.005694817864295,exp/PAPA_ksatfe3_upwell,PAPA
DIC,0.0144426243066393,exp/PAPA_ksatfe3_upwell,PAPA
NO3,4.2253087371332105,exp/PAPA_ksatfe3_upwell,PAPA
O2,2.822239899163421,exp/PAPA_ksatfe3_upwell,PAPA
PO4,5.290626489655615,exp/PAPA_ksatfe3_upwell,PAPA
SiO2,2.25016502119315,exp/PAPA_ksatfe3_upwell,PAPA
pCO2,0.4228798422866248,exp/PAPA_ksatfe3_upwell,PAPA
ALK,0.2438523402075478,exp/HydroS_PAPset_HydroS,HydroS
DIC,0.2454236696651731,exp/HydroS_PAPset_HydroS,HydroS
NO3,1.6381593074629983,exp/HydroS_PAPset_HydroS,HydroS
O2,0.1764420087107263,exp/HydroS_PAPset_HydroS,HydroS
PO4,6.92695378156929,exp/HydroS_PAPset_HydroS,HydroS
SiO2,9.132144329490991,exp/HydroS_PAPset_HydroS,HydroS
pCO2,0.321873902370039,exp/HydroS_PAPset_HydroS,HydroS
ALK,0.0132369678080999,opt_kz/region_gyre_HOT,HOT
Chl,1.9794785077107124,opt_kz/region_gyre_HOT,HOT
DIC,0.0114032045405838,opt_kz/region_gyre_HOT,HOT
NO3,0.6940728352437763,opt_kz/region_gyre_HOT,HOT
O2,0.6175998975485264,opt_kz/region_gyre_HOT,HOT
PO4,0.8237231459107818,opt_kz/region_gyre_HOT,HOT
POC,6.196951049132544,opt_kz/region_gyre_HOT,HOT
POC_flux,4.458237169627447,opt_kz/region_gyre_HOT,HOT
PP,5.895473330018403,opt_kz/region_gyre_HOT,HOT
SiO2,2.07880853651931,opt_kz/region_gyre_HOT,HOT
pCO2,0.2532256752367746,opt_kz/region_gyre_HOT,HOT
ALK,0.0232536048767854,opt_kz/region_gyre_BATS,BATS
Chl,1.1941677943552131,opt_kz/region_gyre_BATS,BATS
DIC,0.0228199897399046,opt_kz/region_gyre_BATS,BATS
NO3,1.2178940334566102,opt_kz/region_gyre_BATS,BATS
O2,0.2087677424483101,opt_kz/region_gyre_BATS,BATS
PO4,3.2352191281886133,opt_kz/region_gyre_BATS,BATS
POC,7.919739600685484,opt_kz/region_gyre_BATS,BATS
POC_flux,0.9142474513854612,opt_kz/region_gyre_BATS,BATS
PP,2.0727333714945373,opt_kz/region_gyre_BATS,BATS
SiO2,2.1728362592795634,opt_kz/region_gyre_BATS,BATS
pCO2,0.3379813874240469,opt_kz/region_gyre_BATS,BATS
ALK,0.243906020821236,opt_kz/region_gyre_HydroS,HydroS
DIC,0.245718989492308,opt_kz/region_gyre_HydroS,HydroS
NO3,1.9179054912337656,opt_kz/region_gyre_HydroS,HydroS
O2,0.1767665179307039,opt_kz/region_gyre_HydroS,HydroS
PO4,5.884638280445314,opt_kz/region_gyre_HydroS,HydroS
SiO2,13.293998741365863,opt_kz/region_gyre_HydroS,HydroS
pCO2,0.3395357520997628,opt_kz/region_gyre_HydroS,HydroS
ALK,0.0132044512612108,opt_kz/region_subpolar_PAPA,PAPA
Chl,2.490708603219258,opt_kz/region_subpolar_PAPA,PAPA
DIC,0.0174498446382929,opt_kz/region_subpolar_PAPA,PAPA
NO3,2.2832222849871333,opt_kz/region_subpolar_PAPA,PAPA
O2,2.8245921279108592,opt_kz/region_subpolar_PAPA,PAPA
PO4,1.8924501174387107,opt_kz/region_subpolar_PAPA,PAPA
SiO2,4.320772336911851,opt_kz/region_subpolar_PAPA,PAPA
pCO2,0.6608591706103678,opt_kz/region_subpolar_PAPA,PAPA
ALK,0.0262436974892343,opt_kz/region_subpolar_PAP,PAP
Chl,1.895350086025049,opt_kz/region_subpolar_PAP,PAP
DIC,0.0308054145283064,opt_kz/region_subpolar_PAP,PAP
NO3,1.928684927310222,opt_kz/region_subpolar_PAP,PAP
O2,0.43652649068674,opt_kz/region_subpolar_PAP,PAP
PO4,1.4032554477918555,opt_kz/region_subpolar_PAP,PAP
SiO2,4.734797371194301,opt_kz/region_subpolar_PAP,PAP
pCO2,0.9223641460864964,opt_kz/region_subpolar_PAP,PAP
ALK,0.026451233509776,exp/PAPA_Si_upwell,PAPA
Chl,3.2488334421238014,exp/PAPA_Si_upwell,PAPA
DIC,0.0281583572748628,exp/PAPA_Si_upwell,PAPA
NO3,2.9152734198514683,exp/PAPA_Si_upwell,PAPA
O2,2.8931872747790277,exp/PAPA_Si_upwell,PAPA
PO4,2.6646395516606733,exp/PAPA_Si_upwell,PAPA
SiO2,3.1529242449907144,exp/PAPA_Si_upwell,PAPA
pCO2,0.6512346878240443,exp/PAPA_Si_upwell,PAPA
ALK,0.0273155546567749,exp/PAPA_RSiC05,PAPA
Chl,2.8828513078336058,exp/PAPA_RSiC05,PAPA
DIC,0.0286255800223456,exp/PAPA_RSiC05,PAPA
NO3,4.165542275764125,exp/PAPA_RSiC05,PAPA
O2,2.8367367932771312,exp/PAPA_RSiC05,PAPA
PO4,3.762249399501816,exp/PAPA_RSiC05,PAPA
SiO2,3.053532831189527,exp/PAPA_RSiC05,PAPA
pCO2,0.546952549047731,exp/PAPA_RSiC05,PAPA
ALK,0.0275535151641285,exp/PAPA_Si_upwell_RSiC05,PAPA
Chl,2.6991259107497356,exp/PAPA_Si_upwell_RSiC05,PAPA
DIC,0.0287080693852532,exp/PAPA_Si_upwell_RSiC05,PAPA
NO3,4.394945754322998,exp/PAPA_Si_upwell_RSiC05,PAPA
O2,2.833378389404413,exp/PAPA_Si_upwell_RSiC05,PAPA
PO4,4.058907633305476,exp/PAPA_Si_upwell_RSiC05,PAPA
SiO2,2.5935533451810713,exp/PAPA_Si_upwell_RSiC05,PAPA
pCO2,0.6011050708384026,exp/PAPA_Si_upwell_RSiC05,PAPA
