control,delta,eta,eta_std,factor,description
PCMAX_diat,0.2,-0.07553026976314169,0.927405682176292,0.9848939460473717,"max growth, diatom"
PCMAX_LgEukSyn,0.2,0.06583964444617697,0.8772068068132435,1.0131679288892355,"max growth, other large eukaryotes + Synechococcus"
PCMAX_Pro,0.2,-0.040320566170010445,0.9133487061856009,0.9919358867659979,"max growth, Prochlorococcus (HL + LL)"
KSAT_phyto,0.5,0.10341367065350103,0.9556914823007733,1.0517068353267505,"nutrient half-saturation, all phyto"
CHL2CMAX,0.2,0.042042633315179385,0.9462296487352152,1.0084085266630358,max Chl:C
MORT_phyto,0.5,0.5947072400670852,0.5693517716246741,1.2973536200335425,"linear mortality, phyto"
GRAZEMAX,0.2,0.004159063852645597,0.9454488296769757,1.0008318127705291,max grazing rate
MORT_zoo,0.5,0.11283306402393024,0.8882267885436245,1.0564165320119652,"linear mortality, zooplankton"
R_PICPOC,0.5,-0.0020836943941604062,0.9982671382500597,0.9989581528029198,PIC:POC of large eukaryotes + Synechococcus
wPOM_sink,0.5,-0.12676838041133942,0.9884785618883956,0.9366158097943302,POM sinking speed
KPOM,1.0,0.2926207099921514,0.9402628153134868,1.2926207099921514,POM remineralization rate
KDOM,0.5,-0.03687857680209862,0.9744379759690611,0.9815607115989506,DOM remineralization rate
KDISSC,0.5,0.00019616068274894702,0.9999988529609906,1.0000980803413744,PIC dissolution rate
SCAV_RAT,0.5,0.056454593774120994,0.9934881223731771,1.0282272968870605,Fe scavenging rate
ALPFE,-0.2,0.2840704434867767,0.9344435137766884,0.9431859113026446,soluble fraction of dust Fe
KATTEN_W,-0.25,-0.29224423830770546,0.7233899874825952,1.0730610595769263,light attenuation by water
MQYIELD,0.3,-0.0684863439557005,0.91194144890862,0.9794540968132899,"max quantum yield (P-I initial slope), phyto"
KGRAZESAT,0.5,0.031893982191058316,0.9190740798569204,1.0159469910955292,grazing half-saturation
PALAT_pico,-0.3,-0.017423790593560532,0.9382529516256223,1.005227137178068,palatability of Syn + Pro to small grazer
KZ_BG,1.0,0.5870120303240225,0.7535874405289005,1.5870120303240225,background diffusivity at 75-250 m
