tracer,j,i,dJ_darwin,dJ_bling,asym_rel,model0,obs_pco2
DIC,4,109,-956.1575937065306,-886.5911883622445,0.2586676151176019,0.0002532072248868644,0.00040177796936035156
DIC,6,63,-412.00398293962473,-377.13260086849743,4.007695556380518,0.00030618486925959587,0.00036472048164480376
DIC,6,74,-243.20072910898855,-256.34516047260973,7.008450012166991,0.00029673485551029444,0.0003311780194102093
DIC,6,87,-178.72042733793043,-175.50227837429014,2.7734830720034434,0.0002975716779474169,0.0003204178187502488
DIC,6,97,97.63525261821292,10.566002518350272,1.4454773631545448,0.00030031727510504425,0.0002883125338164899
DIC,7,10,592.4167388430255,645.9530168848829,0.9979445881217418,0.00030381596297957003,0.00024051820383788012
DIC,9,120,-374.25913583096525,-302.30979381850796,4.524686893752327,0.0002833450853358954,0.0003378032382808605
DIC,10,25,-96.35591981116146,187.72700819799996,3.137223197810721,0.00032398971961811185,0.0003356227809323486
DIC,10,35,-90.5680265294156,244.36320512528403,2.733895866242368,0.000332867493852973,0.0003443587313501019
DIC,13,53,-212.16154189019673,-137.60113090273057,0.49040651430269555,0.0002993889502249658,0.00036413286572456536
DIC,17,12,-231.29518299253274,-234.9998581278694,0.1778432369207357,0.0002628921065479517,0.0003497863656857397
DIC,17,63,-387.29845483063787,-326.19436216135244,0.7825675665300447,0.0002939020923804492,0.0003664801290993898
DIC,19,1,-281.1530081455019,-260.7851729809407,1.3474074135884013,0.0003032826352864504,0.0003554803670247396
DIC,19,101,-1065.6599192121105,-1058.5788215223527,0.11303017996476551,0.0002934215881396085,0.00048292603363204306
DIC,20,23,-177.14146463219987,-189.4442798355104,6.918240107201961,0.0003550185065250844,0.0003787671202601883
DIC,24,37,-193.2042698727818,-211.63481300854076,4.235368924040374,0.0003161148342769593,0.00034977307128906244
DIC,25,73,-210.15316752312617,-201.4357127614136,4.831539873678356,0.00031436499557457864,0.00034954657030282434
DIC,25,91,-210.0454597871808,-169.68318323451894,4.890161682950624,0.00034605362452566624,0.0003817779936949807
DIC,25,119,-340.97751543054477,-411.73953882870865,1.6763396986867716,0.00035668438067659736,0.0004128518385190636
DIC,27,55,680.9653499136153,1001.8893671635359,1.3066528993084774,0.0004401864716783166,0.0004035625684554544
DIC,30,14,-170.24456393302768,-196.07093717614717,36.75349146054446,0.00035039670183323324,0.0003761978352864583
DIC,30,25,10.978766812860512,15.474178708090287,5.687736238576289,0.0003539259487297386,0.00035131582014072963
DIC,34,109,-569.60250387283,-608.2056685891824,1.8172277774667598,0.00035873017623089254,0.00040860665529411346
DIC,38,77,-95.4369543265848,-90.09846263986937,42.062571527666684,0.0003288451407570392,0.00034725264936587806
DIC,38,121,-253.18974370159768,-230.5003906457301,2.1653831302867004,0.00032095907954499125,0.0003657535854921646
DIC,39,46,30.656279844386894,27.680073139128588,2.0893758832285014,0.0003191180294379592,0.0003126033668146856
DIC,39,67,-349.57877868291445,-349.9052266869903,1.090531371730967,0.0003037040587514639,0.00036533403737040645
DIC,39,89,658.645142580071,852.4823325461443,1.0437631033465318,0.0004359783779364079,0.0003700523545891922
DIC,40,22,-257.68349115255944,-129.39220131342816,21.59162972004986,0.000358377059455961,0.00039223416137695313
DIC,41,56,-208.0762512194792,-217.6300288343726,1.8722597936842922,0.00029471691232174635,0.00033595784695910334
DIC,44,101,-659.7066971537927,-956.7486789366635,0.35795998643736887,0.0002564363821875304,0.0003478350864507051
DIC,44,111,-173.33250260768503,-217.47883642420607,1.1039239493607997,0.00029531086329370737,0.00033856074031347595
DIC,48,121,-283.8418250997199,-403.03218182831597,0.6252819115996482,0.00029952972545288503,0.0003665215922494349
DIC,50,80,-478.3807807247611,-554.8189000460519,0.7311568549094283,0.0002994597889482975,0.00038099718108704233
DIC,51,66,-841.5658185096423,-992.8714770421024,0.3057560240682101,0.000280992710031569,0.00041820622777147845
DIC,54,108,-9542.919088968965,-9793.629893472238,0.0414744365096825,0.00018131578690372407,0.00033237413024902345
DIC,55,3,-707.8686785631533,-929.0492212145747,0.34469457502312956,0.00025473031564615667,0.00037656227001171475
DIC,40,97,22737.11387294839,25624.729661897367,0.7648710700929389,0.0005122249713167548,0.00037598521781298175
ALK,4,109,863.125049564744,785.588305458581,0.21552457670495886,0.0002532072248868644,0.00040177796936035156
ALK,6,63,370.4841081105542,339.9028077745317,3.6147279139434825,0.00030618486925959587,0.00036472048164480376
ALK,6,74,220.0846779734656,230.59830836101494,6.236322991491741,0.00029673485551029444,0.0003311780194102093
ALK,6,87,163.41029506798372,157.5114864188054,2.5041795780814287,0.0002975716779474169,0.0003204178187502488
ALK,6,97,-89.52715326572167,-9.450646674131518,1.374195194345933,0.00030031727510504425,0.0002883125338164899
ALK,7,10,-537.5072226842182,-580.9373802706468,0.9822766925792085,0.00030381596297957003,0.00024051820383788012
ALK,9,120,339.23593600875336,270.4846028558527,5.5832923592629475,0.0002833450853358954,0.0003378032382808605
ALK,10,25,85.73865682828429,-168.8587892684202,3.154090174357084,0.00032398971961811185,0.0003356227809323486
ALK,10,35,82.44435807251043,-220.72035819453725,2.3837962557581105,0.000332867493852973,0.0003443587313501019
ALK,13,53,178.36768243247582,119.63441268736655,0.42510797795831085,0.0002993889502249658,0.00036413286572456536
ALK,17,12,182.0544542040875,192.61643746973186,0.1739523386968533,0.0002628921065479517,0.0003497863656857397
ALK,17,63,315.9371117953493,270.53456298773466,0.6963015159517708,0.0002939020923804492,0.0003664801290993898
ALK,19,1,234.03171667025646,214.31463719385386,1.3649142281589137,0.0003032826352864504,0.0003554803670247396
ALK,19,101,860.486550999881,888.5578981288364,0.047453837729210066,0.0002934215881396085,0.00048292603363204306
ALK,20,23,148.23052446674853,156.2302697126031,5.52920483684259,0.0003550185065250844,0.0003787671202601883
ALK,24,37,154.02997825166216,168.63647186055027,3.712138256428155,0.0003161148342769593,0.00034977307128906244
ALK,25,73,164.2974605780891,157.65808677814934,4.014690737360222,0.00031436499557457864,0.00034954657030282434
ALK,25,91,167.63868163617008,136.68954839272385,3.0889296984811234,0.00034605362452566624,0.0003817779936949807
ALK,25,119,272.90040868437114,326.9408984236545,1.4433787482911586,0.00035668438067659736,0.0004128518385190636
ALK,27,55,-561.0015534742458,-817.9563251658442,1.2329539743170814,0.0004401864716783166,0.0004035625684554544
ALK,30,14,134.09603749806558,155.69672864973407,31.315073167374933,0.00035039670183323324,0.0003761978352864583
ALK,30,25,-8.761337984347083,-12.308427934250549,2.1748941296524045,0.0003539259487297386,0.00035131582014072963
ALK,34,109,426.94137840597057,485.4092922751536,1.2883997443032884,0.00035873017623089254,0.00040860665529411346
ALK,38,77,75.36727135375861,72.75839535997466,9.155536358767272,0.0003288451407570392,0.00034725264936587806
ALK,38,121,201.5216520562293,188.4420043217574,1.7205485803751424,0.00032095907954499125,0.0003657535854921646
ALK,39,46,-24.54716508872543,-22.02863532859178,2.1220230618868885,0.0003191180294379592,0.0003126033668146856
ALK,39,67,277.46950374619655,277.37773725099174,0.9725198968410419,0.0003037040587514639,0.00036533403737040645
ALK,39,89,-556.3508707597406,-712.194420328471,1.0000061478322693,0.0004359783779364079,0.0003700523545891922
ALK,40,22,208.0754112682164,104.40650752070212,20.774324514666386,0.000358377059455961,0.00039223416137695313
ALK,41,56,165.98115110087616,173.7514985764539,1.560511781023531,0.00029471691232174635,0.00033595784695910334
ALK,44,101,519.2437270644701,765.60356217185,0.29748879281411666,0.0002564363821875304,0.0003478350864507051
ALK,44,111,136.76986686478207,175.29629209453367,0.9285939996802962,0.00029531086329370737,0.00033856074031347595
ALK,48,121,238.19498150979885,336.256788474786,0.5789245906993433,0.00029952972545288503,0.0003665215922494349
ALK,50,80,407.05484466642235,477.40538221806605,0.6572961538412352,0.0002994597889482975,0.00038099718108704233
ALK,51,66,737.473135215856,870.9206250332958,0.25984717555132775,0.000280992710031569,0.00041820622777147845
ALK,54,108,8344.924389188853,8340.862454945232,0.013298688083840556,0.00018131578690372407,0.00033237413024902345
ALK,55,3,612.2403307328927,788.5716883719563,0.3007197368796176,0.00025473031564615667,0.00037656227001171475
ALK,40,97,-18623.448828909597,-21520.668691504954,0.7253464733555364,0.0005122249713167548,0.00037598521781298175
O2,4,109,-0.0,-0.005841485353020936,nan,0.0002532072248868644,0.00040177796936035156
O2,6,63,-0.0,-0.0038165562310522485,nan,0.00030618486925959587,0.00036472048164480376
O2,6,74,-0.0,-0.0011471444052612693,nan,0.00029673485551029444,0.0003311780194102093
O2,6,87,-0.0,-0.0010183426966856978,nan,0.0002975716779474169,0.0003204178187502488
O2,6,97,0.0,1.613035656889899e-05,nan,0.00030031727510504425,0.0002883125338164899
O2,7,10,0.0,0.002422658789683944,nan,0.00030381596297957003,0.00024051820383788012
O2,9,120,-0.0,-0.002303412730162996,nan,0.0002833450853358954,0.0003378032382808605
O2,10,25,-0.0,0.0012229784467864733,nan,0.00032398971961811185,0.0003356227809323486
O2,10,35,-0.0,0.0017649433797067727,nan,0.000332867493852973,0.0003443587313501019
O2,13,53,-0.0,-0.0007803978531336745,nan,0.0002993889502249658,0.00036413286572456536
O2,17,12,-0.0,-0.0016886412225895645,nan,0.0002628921065479517,0.0003497863656857397
O2,17,63,-0.0,-0.003464575281142142,nan,0.0002939020923804492,0.0003664801290993898
O2,19,1,-0.0,-0.0024888179860547087,nan,0.0003032826352864504,0.0003554803670247396
O2,19,101,-0.0,-0.00922077485520711,nan,0.0002934215881396085,0.00048292603363204306
O2,20,23,-0.0,-0.00028322784109349096,nan,0.0003550185065250844,0.0003787671202601883
O2,24,37,-0.0,-0.00020606526208207285,nan,0.0003161148342769593,0.00034977307128906244
O2,25,73,-0.0,-0.0004631428333770779,nan,0.00031436499557457864,0.00034954657030282434
O2,25,91,-0.0,-0.0009548040465304564,nan,0.00034605362452566624,0.0003817779936949807
O2,25,119,-0.0,-0.0008522600981118054,nan,0.00035668438067659736,0.0004128518385190636
O2,27,55,0.0,0.005986915088615713,nan,0.0004401864716783166,0.0004035625684554544
O2,30,14,-0.0,-0.0008985237544744861,nan,0.00035039670183323324,0.0003761978352864583
O2,30,25,0.0,7.046395068350164e-05,nan,0.0003539259487297386,0.00035131582014072963
O2,34,109,-0.0,-0.002717149806735642,nan,0.00035873017623089254,0.00040860665529411346
O2,38,77,-0.0,-8.156856446155874e-05,nan,0.0003288451407570392,0.00034725264936587806
O2,38,121,-0.0,-0.001924111806048566,nan,0.00032095907954499125,0.0003657535854921646
O2,39,46,0.0,4.893294323217756e-05,nan,0.0003191180294379592,0.0003126033668146856
O2,39,67,-0.0,-0.0004793658217834161,nan,0.0003037040587514639,0.00036533403737040645
O2,39,89,0.0,0.0058389207548312115,nan,0.0004359783779364079,0.0003700523545891922
O2,40,22,-0.0,-0.001357218805348001,nan,0.000358377059455961,0.00039223416137695313
O2,41,56,-0.0,-0.0007530005440435376,nan,0.00029471691232174635,0.00033595784695910334
O2,44,101,-0.0,-0.0032185114152122243,nan,0.0002564363821875304,0.0003478350864507051
O2,44,111,-0.0,-0.0005042859621675693,nan,0.00029531086329370737,0.00033856074031347595
O2,48,121,-0.0,-0.0005532596473680751,nan,0.00029952972545288503,0.0003665215922494349
O2,50,80,-0.0,-0.0005155810188051051,nan,0.0002994597889482975,0.00038099718108704233
O2,51,66,-0.0,-0.0009190957466069321,nan,0.000280992710031569,0.00041820622777147845
O2,54,108,-0.0,-0.0019283298651597564,nan,0.00018131578690372407,0.00033237413024902345
O2,55,3,-0.0,-3.303457884505104e-05,nan,0.00025473031564615667,0.00037656227001171475
O2,40,97,0.0,0.13829560287229137,nan,0.0005122249713167548,0.00037598521781298175
NO3,4,109,-0.0,6.073621468532177,nan,0.0002532072248868644,0.00040177796936035156
NO3,6,63,0.009594898340971332,9.433461481885719e-14,0.3333336648659064,0.00030618486925959587,0.00036472048164480376
NO3,6,74,0.002290877492130694,-8.43953000267905e-06,1.0,0.00029673485551029444,0.0003311780194102093
NO3,6,87,0.00295212839649294,1.0313079561888325e-17,6.369366412944485e-07,0.0002975716779474169,0.0003204178187502488
NO3,6,97,-0.0007113305973506054,-6.366828193744563e-14,1.0,0.00030031727510504425,0.0002883125338164899
NO3,7,10,0.0,-4.709627796908276e-13,nan,0.00030381596297957003,0.00024051820383788012
NO3,9,120,0.20864243028668436,-8.668897379256382e-12,0.04346905944707425,0.0002833450853358954,0.0003378032382808605
NO3,10,25,0.10093849671467024,-1.35505072237573e-08,0.08935457756557845,0.00032398971961811185,0.0003356227809323486
NO3,10,35,0.29045832396405036,-1.153660257035558e-10,0.02442656346430029,0.000332867493852973,0.0003443587313501019
NO3,13,53,0.6249541607649347,0.0010193480369521369,0.030916944553399973,0.0002993889502249658,0.00036413286572456536
NO3,17,12,1582.6865314550914,-18.249770360060467,0.09367284048337506,0.0002628921065479517,0.0003497863656857397
NO3,17,63,3278.1704506849937,56.283775020711666,0.004491090764607998,0.0002939020923804492,0.0003664801290993898
NO3,19,1,2558.68437206633,39.621041141322834,0.021653794399331634,0.0003032826352864504,0.0003554803670247396
NO3,19,101,15.197384491914013,-0.08988193331875768,0.019861754362888322,0.0002934215881396085,0.00048292603363204306
NO3,20,23,1458.7551939563439,707.8103106174941,0.0006300506020693085,0.0003550185065250844,0.0003787671202601883
NO3,24,37,1612.6694964905862,800.6417961237405,0.0003177723685136321,0.0003161148342769593,0.00034977307128906244
NO3,25,73,1697.8611327632998,699.9926408457511,0.0015833840400721543,0.00031436499557457864,0.00034954657030282434
NO3,25,91,1887.3992702020903,153.9948052777519,0.0031501639002556193,0.00034605362452566624,0.0003817779936949807
NO3,25,119,2664.423577926966,1487.8749617965925,0.008839767256725792,0.00035668438067659736,0.0004128518385190636
NO3,27,55,-5626.078242619927,-1670.529202926901,0.004503938684551985,0.0004401864716783166,0.0004035625684554544
NO3,30,14,1506.1412681485642,446.82468293741255,0.006617463657879043,0.00035039670183323324,0.0003761978352864583
NO3,30,25,-108.08229581942105,-43.939534658852985,0.0239564550381958,0.0003539259487297386,0.00035131582014072963
NO3,34,109,5287.293960346886,965.2714719971865,0.00319600118744501,0.00035873017623089254,0.00040860665529411346
NO3,38,77,901.9832018172837,279.4386628164326,9.626973689344075e-05,0.0003288451407570392,0.00034725264936587806
NO3,38,121,0.037861834508432626,-0.7240437944370207,9.745703091046708e-07,0.00032095907954499125,0.0003657535854921646
NO3,39,46,-280.17694345356364,-65.80249374897853,0.0019232094466598887,0.0003191180294379592,0.0003126033668146856
NO3,39,67,2991.335233317934,988.0478513922444,0.0078545680031723,0.0003037040587514639,0.00036533403737040645
NO3,39,89,-5417.343820165472,-180.73980636447357,0.00424795221442821,0.0004359783779364079,0.0003700523545891922
NO3,40,22,13.25281701719305,4.288343536835763,0.03192269832938505,0.000358377059455961,0.00039223416137695313
NO3,41,56,1982.4084922002128,84.53588902181792,0.0008179248516938244,0.00029471691232174635,0.00033595784695910334
NO3,44,101,10.362211627479116,58.2596480507406,0.07691793309788354,0.0002564363821875304,0.0003478350864507051
NO3,44,111,3.688652648510525,10.215121854072176,0.14284099263058195,0.00029531086329370737,0.00033856074031347595
NO3,48,121,0.03522074804768864,-0.13998931947078477,2.172933142531533e-07,0.00029952972545288503,0.0003665215922494349
NO3,50,80,0.009005615308245146,0.0011928932684773911,1.0,0.0002994597889482975,0.00038099718108704233
NO3,51,66,-0.0,-8.0539474734582e-09,nan,0.000280992710031569,0.00041820622777147845
NO3,54,108,0.8818748799788131,26.476176086298278,1.0,0.00018131578690372407,0.00033237413024902345
NO3,55,3,-0.0,8.445383448535344e-09,nan,0.00025473031564615667,0.00037656227001171475
NO3,40,97,-131.48082408998593,-2462.5820246584344,0.07692583757338879,0.0005122249713167548,0.00037598521781298175
PO4,4,109,-810.6803626503697,-817.2842825176567,0.0013037527637166115,0.0002532072248868644,0.00040177796936035156
PO4,6,63,-364.07193115060977,-349.5286503895479,0.01938016118886549,0.00030618486925959587,0.00036472048164480376
PO4,6,74,-204.75373591663637,-237.91063104932545,0.0020597361886926136,0.00029673485551029444,0.0003311780194102093
PO4,6,87,-153.09777248831696,-162.94299151601746,0.0024785547297328375,0.0002975716779474169,0.0003204178187502488
PO4,6,97,83.32818370992352,9.821456705890832,0.009311019789037516,0.00030031727510504425,0.0002883125338164899
PO4,7,10,493.02088993850634,600.09776324472,0.003523552973624802,0.00030381596297957003,0.00024051820383788012
PO4,9,120,-328.50219806683504,-279.71262895909655,0.017249165437069117,0.0002833450853358954,0.0003378032382808605
PO4,10,25,-88.4200907636777,174.17745419516058,0.0007697668002626254,0.00032398971961811185,0.0003356227809323486
PO4,10,35,-83.87491530699586,226.88527586312594,0.04446674340861151,0.000332867493852973,0.0003443587313501019
PO4,13,53,-233.0746803580739,-126.53471291452543,0.01532427127791981,0.0002993889502249658,0.00036413286572456536
PO4,17,12,-207.81168053544621,-212.52911632330574,0.005910821325179308,0.0002628921065479517,0.0003497863656857397
PO4,17,63,-346.20634119481406,-295.26751401671794,0.001536698958885667,0.0002939020923804492,0.0003664801290993898
PO4,19,1,-275.88220586477155,-236.53856769756777,0.007272312479713929,0.0003032826352864504,0.0003554803670247396
PO4,19,101,-950.841013932458,-967.9452022879411,6.242970762086015e-05,0.0002934215881396085,0.00048292603363204306
PO4,20,23,-160.1172954298374,-173.8349631630287,0.007269393870157587,0.0003550185065250844,0.0003787671202601883
PO4,24,37,-122.28524230389057,-194.33570101491628,0.031537915601791054,0.0003161148342769593,0.00034977307128906244
PO4,25,73,-186.76385663562198,-184.66870898676203,0.01652400499405557,0.00031436499557457864,0.00034954657030282434
PO4,25,91,-191.14097306234328,-154.96026705238648,0.0052763241197924405,0.00034605362452566624,0.0003817779936949807
PO4,25,119,-314.9801878688851,-375.6162222762076,0.005958706367407169,0.00035668438067659736,0.0004128518385190636
PO4,27,55,615.3399016144555,928.0715618859127,0.006948734218312494,0.0004401864716783166,0.0004035625684554544
PO4,30,14,-121.10033292273025,-180.36618524845647,0.010146441003808224,0.00035039670183323324,0.0003761978352864583
PO4,30,25,11.53120541968637,14.265914520110694,0.015624992221141405,0.0003539259487297386,0.00035131582014072963
PO4,34,109,-528.9749106424731,-558.8784102667437,0.003976519644408868,0.00035873017623089254,0.00040860665529411346
PO4,38,77,-80.4505951469059,-82.97538204221122,0.07721526399862236,0.0003288451407570392,0.00034725264936587806
PO4,38,121,-221.89041457965897,-210.0284995144857,0.0032394450102409176,0.00032095907954499125,0.0003657535854921646
PO4,39,46,-26.756744776789922,25.464214799078484,0.025728082955860255,0.0003191180294379592,0.0003126033668146856
PO4,39,67,-312.4951147316517,-321.22899440277826,0.001273036885180513,0.0003037040587514639,0.00036533403737040645
PO4,39,89,585.7240777066744,790.1885586747261,0.00031365871154255396,0.0004359783779364079,0.0003700523545891922
PO4,40,22,-223.74214998729227,-118.39342804362373,0.0004118386773201517,0.000358377059455961,0.00039223416137695313
PO4,41,56,-188.8804203962796,-198.78476986963588,3.563797560921793e-05,0.00029471691232174635,0.00033595784695910334
PO4,44,101,-562.1653134049031,-867.541841112967,0.012015160721316491,0.0002564363821875304,0.0003478350864507051
PO4,44,111,6.400305985598889,-197.16097926909123,1.2000007401971318,0.00029531086329370737,0.00033856074031347595
PO4,48,121,-267.7869028807617,-367.36947905935006,0.050936074130749416,0.00029952972545288503,0.0003665215922494349
PO4,50,80,-452.2595365469677,-514.6698186517758,0.013676090104716215,0.0002994597889482975,0.00038099718108704233
PO4,51,66,-802.8498289346461,-920.0845699224258,0.03884188840336167,0.000280992710031569,0.00041820622777147845
PO4,54,108,-8582.067132745664,-8919.585362696029,0.027438481123091434,0.00018131578690372407,0.00033237413024902345
PO4,55,3,-620.3199985600993,-849.5084639545169,0.00039091671007219066,0.00025473031564615667,0.00037656227001171475
PO4,40,97,-199948.24706133787,23614.900158450015,0.08041208456486384,0.0005122249713167548,0.00037598521781298175
FeT,4,109,-0.0,-13131.1426156852,nan,0.0002532072248868644,0.00040177796936035156
FeT,6,63,833617.5799694615,1004361.7088663005,0.030549168285527638,0.00030618486925959587,0.00036472048164480376
FeT,6,74,1828839.2962544754,1217367.885326836,0.05715700562935159,0.00029673485551029444,0.0003311780194102093
FeT,6,87,382329.9751375577,254189.86291079334,0.03724539862499113,0.0002975716779474169,0.0003204178187502488
FeT,6,97,-90972.76281616582,3299.4574640336796,0.05175353561647739,0.00030031727510504425,0.0002883125338164899
FeT,7,10,-1670819.2271004224,-1444877.511987417,0.04408151220947583,0.00030381596297957003,0.00024051820383788012
FeT,9,120,2732222.826879626,5406588.131934909,0.03624690065879942,0.0002833450853358954,0.0003378032382808605
FeT,10,25,13688473.102928786,-3997288.88427417,0.02675305172335086,0.00032398971961811185,0.0003356227809323486
FeT,10,35,13063633.920539416,-3541947.4165353635,0.015002770119734627,0.000332867493852973,0.0003443587313501019
FeT,13,53,514162.0119162043,2505281.1780295186,0.005986787375231816,0.0002993889502249658,0.00036413286572456536
FeT,17,12,41702.59168542101,2774056.1534882,0.8181824271589277,0.0002628921065479517,0.0003497863656857397
FeT,17,63,8769.303983627913,90695.21835362398,0.052633478415818474,0.0002939020923804492,0.0003664801290993898
FeT,19,1,7994.9133477227815,1105657.5948842329,0.2727258534602958,0.0003032826352864504,0.0003554803670247396
FeT,19,101,55601214.80053417,7447795.831507459,0.3147726099693251,0.0002934215881396085,0.00048292603363204306
FeT,20,23,15540.389209749861,30193.224759098946,1.286770850855054e-05,0.0003550185065250844,0.0003787671202601883
FeT,24,37,5796.206929217684,37278.194281338634,0.07691748971205478,0.0003161148342769593,0.00034977307128906244
FeT,25,73,16974.084166631506,71159.69649173199,9.099708854502896e-06,0.00031436499557457864,0.00034954657030282434
FeT,25,91,-15321.649012138163,644924.4209751227,0.17647394277141995,0.00034605362452566624,0.0003817779936949807
FeT,25,119,37837.9399221467,117573.24651242008,0.027768458056097477,0.00035668438067659736,0.0004128518385190636
FeT,27,55,-118775.94685074066,-1525947.0215054017,0.009544667648934751,0.0004401864716783166,0.0004035625684554544
FeT,30,14,10298.159209838886,119966.2881899789,1.2972064798648754e-05,0.00035039670183323324,0.0003761978352864583
FeT,30,25,-4271.561553524042,-6248.708274311534,0.06936050473300284,0.0003539259487297386,0.00035131582014072963
FeT,34,109,-0.0,185111.00631098484,nan,0.00035873017623089254,0.00040860665529411346
FeT,38,77,2292.725297143075,14840.055654882553,0.14285172198366075,0.0003288451407570392,0.00034725264936587806
FeT,38,121,-0.0,58662.36479592255,nan,0.00032095907954499125,0.0003657535854921646
FeT,39,46,0.0,-5411.836793231986,nan,0.0003191180294379592,0.0003126033668146856
FeT,39,67,3505.634494096262,52289.731815723826,0.09090780300068085,0.0003037040587514639,0.00036533403737040645
FeT,39,89,-12904.958967387483,-1189584.8566557858,1.7658490435537478e-06,0.0004359783779364079,0.0003700523545891922
FeT,40,22,50.61017223131057,4721.4488456513445,1.0,0.000358377059455961,0.00039223416137695313
FeT,41,56,-0.0,35509.69759640659,nan,0.00029471691232174635,0.00033595784695910334
FeT,44,101,-0.0,53562.96525488377,nan,0.0002564363821875304,0.0003478350864507051
FeT,44,111,-0.0,40181.64543190346,nan,0.00029531086329370737,0.00033856074031347595
FeT,48,121,-0.0,112653.95555360352,nan,0.00029952972545288503,0.0003665215922494349
FeT,50,80,2359.2602200479764,177584.77670199765,0.20000042829268697,0.0002994597889482975,0.00038099718108704233
FeT,51,66,1179.6107496648592,109772.15035579704,0.3333331921774767,0.000280992710031569,0.00041820622777147845
FeT,54,108,2776.1497223277556,58566.068166155004,1.0,0.00018131578690372407,0.00033237413024902345
FeT,55,3,-0.0,2216.428324151605,nan,0.00025473031564615667,0.00037656227001171475
FeT,40,97,0.0,-3050707.642284264,nan,0.0005122249713167548,0.00037598521781298175
