datetime,discharge_cms
2011-09-15,19.1
2011-09-16,18.7
2011-09-17,17.7
2011-09-18,17.5
2011-09-19,19.1
2011-09-20,17.4
2011-09-21,16.2
2011-09-22,18.4
2011-09-23,27.7
2011-09-24,24.8
2011-09-25,21.9
2011-09-26,33.9
2011-09-27,86.1
2011-09-28,41.8
2011-09-29,28.7
2011-09-30,23.2
2011-10-01,20.6
2011-10-02,19.0
2011-10-03,23.1
2011-10-04,30.0
2011-10-05,34.6
2011-10-06,29.6
2011-10-07,27.4
2011-10-08,26.2
2011-10-09,22.0
2011-10-10,19.6
2011-10-11,46.8
2011-10-12,75.6
2011-10-13,48.6
2011-10-14,37.9
2011-10-15,32.1
2011-10-16,28.0
2011-10-17,26.9
2011-10-18,26.6
2011-10-19,23.8
2011-10-20,23.0
2011-10-21,24.5
2011-10-22,30.8
2011-10-23,38.8
2011-10-24,30.4
2011-10-25,26.9
2011-10-26,26.8
2011-10-27,23.1
2011-10-28,20.9
2011-10-29,29.9
2011-10-30,24.9
2011-10-31,28.1
2011-11-01,24.2
2011-11-02,22.0
2011-11-03,22.2
2011-11-04,20.8
2011-11-05,19.6
2011-11-06,18.6
2011-11-07,17.9
2011-11-08,17.5
2011-11-09,17.2
2011-11-10,17.8
2011-11-11,19.4
2011-11-12,27.6
2011-11-13,23.0
2011-11-14,21.3
2011-11-15,19.7
2011-11-16,18.4
2011-11-17,32.2
2011-11-18,29.6
2011-11-19,24.1
2011-11-20,21.5
2011-11-21,20.9
2011-11-22,58.5
2011-11-23,197.9
2011-11-24,111.7
2011-11-25,77.0
2011-11-26,59.8
2011-11-27,159.1
2011-11-28,148.3
2011-11-29,93.9
2011-11-30,75.3
2011-12-01,63.6
2011-12-02,55.9
2011-12-03,49.9
2011-12-04,45.4
2011-12-05,41.8
2011-12-06,38.6
2011-12-07,36.5
2011-12-08,34.4
2011-12-09,32.6
2011-12-10,31.4
2011-12-11,30.1
2011-12-12,28.5
2011-12-13,27.2
2011-12-14,26.5
2011-12-15,25.6
2011-12-16,24.6
2011-12-17,24.0
2011-12-18,24.7
2011-12-19,24.1
2011-12-20,22.7
2011-12-21,22.3
2011-12-22,21.2
2011-12-23,20.8
2011-12-24,21.0
2011-12-25,22.5
2011-12-26,23.1
2011-12-27,23.4
2011-12-28,95.9
2011-12-29,140.1
2011-12-30,99.3
2011-12-31,74.9
2012-01-01,61.2
2012-01-02,57.0
2012-01-03,75.1
2012-01-04,94.2
2012-01-05,152.9
2012-01-06,101.2
2012-01-07,81.8
2012-01-08,72.2
2012-01-09,64.6
2012-01-10,56.6
2012-01-11,52.0
2012-01-12,49.7
2012-01-13,45.3
2012-01-14,45.3
2012-01-15,42.6
2012-01-16,38.1
2012-01-17,37.6
2012-01-18,36.7
2012-01-19,33.8
2012-01-20,34.6
2012-01-21,71.7
2012-01-22,61.5
2012-01-23,55.8
2012-01-24,51.7
2012-01-25,92.6
2012-01-26,80.7
2012-01-27,64.6
2012-01-28,55.6
2012-01-29,80.4
2012-01-30,101.5
2012-01-31,79.3
2012-02-01,71.2
2012-02-02,62.4
2012-02-03,56.9
2012-02-04,53.5
2012-02-05,49.8
2012-02-06,46.6
2012-02-07,44.9
2012-02-08,43.4
2012-02-09,46.5
2012-02-10,60.2
2012-02-11,61.2
2012-02-12,56.5
2012-02-13,51.9
2012-02-14,47.9
2012-02-15,43.4
2012-02-16,42.3
2012-02-17,40.3
2012-02-18,50.8
2012-02-19,46.9
2012-02-20,40.9
2012-02-21,45.8
2012-02-22,72.1
2012-02-23,64.3
2012-02-24,57.4
2012-02-25,57.3
2012-02-26,50.1
2012-02-27,47.4
2012-02-28,45.1
2012-02-29,44.1
2012-03-01,41.1
2012-03-02,37.0
2012-03-03,38.5
2012-03-04,35.9
2012-03-05,36.9
2012-03-06,36.1
2012-03-07,33.4
2012-03-08,31.9
2012-03-09,31.7
2012-03-10,34.5
2012-03-11,35.0
2012-03-12,36.7
2012-03-13,37.1
2012-03-14,33.8
2012-03-15,56.7
2012-03-16,70.8
2012-03-17,57.5
2012-03-18,49.6
2012-03-19,51.7
2012-03-20,45.0
2012-03-21,43.0
2012-03-22,41.7
2012-03-23,36.8
2012-03-24,35.8
2012-03-25,35.1
2012-03-26,34.6
2012-03-27,37.0
2012-03-28,46.6
2012-03-29,62.4
2012-03-30,62.6
2012-03-31,55.6
2012-04-01,49.7
2012-04-02,44.8
2012-04-03,45.3
2012-04-04,45.0
2012-04-05,41.4
2012-04-06,38.8
2012-04-07,36.3
2012-04-08,34.6
2012-04-09,34.2
2012-04-10,36.8
2012-04-11,41.1
2012-04-12,43.6
2012-04-13,45.3
2012-04-14,42.6
2012-04-15,41.7
2012-04-16,46.1
2012-04-17,50.3
2012-04-18,45.4
2012-04-19,43.6
2012-04-20,64.0
2012-04-21,62.2
2012-04-22,63.2
2012-04-23,84.7
2012-04-24,103.8
2012-04-25,116.8
2012-04-26,143.8
2012-04-27,108.0
2012-04-28,87.4
2012-04-29,79.3
2012-04-30,82.0
2012-05-01,78.8
2012-05-02,69.3
2012-05-03,63.6
2012-05-04,59.2
2012-05-05,54.8
2012-05-06,51.7
2012-05-07,52.2
2012-05-08,59.0
2012-05-09,62.7
2012-05-10,58.3
2012-05-11,53.9
2012-05-12,52.8
2012-05-13,58.4
2012-05-14,71.2
2012-05-15,90.4
2012-05-16,98.4
2012-05-17,91.0
2012-05-18,80.1
2012-05-19,71.6
2012-05-20,68.9
2012-05-21,83.9
2012-05-22,109.6
2012-05-23,88.8
2012-05-24,78.0
2012-05-25,70.3
2012-05-26,70.4
2012-05-27,75.3
2012-05-28,75.4
2012-05-29,71.7
2012-05-30,65.9
2012-05-31,72.4
2012-06-01,104.4
2012-06-02,109.8
2012-06-03,88.3
2012-06-04,75.9
2012-06-05,68.7
2012-06-06,64.2
2012-06-07,69.2
2012-06-08,75.4
2012-06-09,65.5
2012-06-10,62.7
2012-06-11,63.3
2012-06-12,74.8
2012-06-13,82.0
2012-06-14,77.2
2012-06-15,70.0
2012-06-16,81.7
2012-06-17,111.9
2012-06-18,91.9
2012-06-19,78.5
2012-06-20,71.1
2012-06-21,73.7
2012-06-22,78.8
2012-06-23,79.0
2012-06-24,78.3
2012-06-25,69.3
2012-06-26,66.9
2012-06-27,61.5
2012-06-28,61.0
2012-06-29,68.5
2012-06-30,78.8
2012-07-01,81.9
2012-07-02,80.0
2012-07-03,77.3
2012-07-04,73.0
2012-07-05,70.0
2012-07-06,65.7
2012-07-07,69.8
2012-07-08,73.8
2012-07-09,85.5
2012-07-10,92.0
2012-07-11,83.7
2012-07-12,84.6
2012-07-13,91.0
2012-07-14,83.6
2012-07-15,88.0
2012-07-16,75.2
2012-07-17,75.6
2012-07-18,74.6
2012-07-19,68.9
2012-07-20,69.8
2012-07-21,63.8
2012-07-22,56.8
2012-07-23,51.2
2012-07-24,48.7
2012-07-25,48.5
2012-07-26,50.9
2012-07-27,51.9
2012-07-28,48.3
2012-07-29,47.1
2012-07-30,43.7
2012-07-31,43.0
2012-08-01,39.3
2012-08-02,38.7
2012-08-03,38.0
2012-08-04,37.7
2012-08-05,40.9
2012-08-06,43.2
2012-08-07,39.7
2012-08-08,37.6
2012-08-09,33.4
2012-08-10,31.1
2012-08-11,29.4
2012-08-12,27.9
2012-08-13,27.3
2012-08-14,27.4
2012-08-15,28.9
2012-08-16,27.4
2012-08-17,27.4
2012-08-18,27.0
2012-08-19,26.1
2012-08-20,24.4
2012-08-21,22.5
2012-08-22,20.9
2012-08-23,19.8
2012-08-24,18.8
2012-08-25,18.0
2012-08-26,17.6
2012-08-27,18.2
2012-08-28,17.5
2012-08-29,17.2
2012-08-30,16.6
2012-08-31,16.0
2012-09-01,15.5
2012-09-02,15.0
2012-09-03,14.7
2012-09-04,14.5
2012-09-05,14.4
2012-09-06,14.5
2012-09-07,14.6
2012-09-08,14.6
2012-09-09,14.6
2012-09-10,15.2
2012-09-11,14.2
2012-09-12,13.1
2012-09-13,12.5
2012-09-14,12.2
2012-09-15,13.6
2012-09-16,12.1
2012-09-17,14.7
2012-09-18,12.0
2012-09-19,12.0
2012-09-20,14.8
2012-09-21,12.4
2012-09-22,12.2
2012-09-23,11.8
2012-09-24,11.9
2012-09-25,11.1
2012-09-26,10.8
2012-09-27,10.4
2012-09-28,10.2
2012-09-29,10.5
2012-09-30,10.4
2012-10-01,9.7
2012-10-02,9.9
2012-10-03,9.5
2012-10-04,9.1
2012-10-05,8.8
2012-10-06,8.5
2012-10-07,8.4
2012-10-08,9.3
2012-10-09,8.7
2012-10-10,8.3
2012-10-11,8.1
2012-10-12,8.0
2012-10-13,9.9
2012-10-14,39.0
2012-10-15,42.0
2012-10-16,53.9
2012-10-17,25.4
2012-10-18,21.1
2012-10-19,66.2
2012-10-20,35.8
2012-10-21,26.5
2012-10-22,22.0
2012-10-23,19.4
2012-10-24,18.0
2012-10-25,16.6
2012-10-26,15.8
2012-10-27,17.7
2012-10-28,34.9
2012-10-29,36.7
2012-10-30,44.1
2012-10-31,109.2
2012-11-01,109.3
2012-11-02,53.4
2012-11-03,39.9
2012-11-04,39.1
2012-11-05,46.2
2012-11-06,38.9
2012-11-07,39.7
2012-11-08,36.6
2012-11-09,35.8
2012-11-10,35.4
2012-11-11,36.9
2012-11-12,46.6
2012-11-13,44.7
2012-11-14,47.5
2012-11-15,45.9
2012-11-16,47.3
2012-11-17,76.8
2012-11-18,76.3
2012-11-19,149.7
2012-11-20,138.2
2012-11-21,98.6
2012-11-22,58.2
2012-11-23,97.7
2012-11-24,85.0
2012-11-25,61.8
2012-11-26,54.9
2012-11-27,54.8
2012-11-28,57.6
2012-11-29,94.8
2012-11-30,145.5
2012-12-01,210.0
2012-12-02,187.2
2012-12-03,160.8
2012-12-04,174.0
2012-12-05,136.2
2012-12-06,113.7
2012-12-07,107.3
2012-12-08,95.8
2012-12-09,83.8
2012-12-10,72.9
2012-12-11,64.8
2012-12-12,58.8
2012-12-13,55.8
2012-12-14,55.5
2012-12-15,55.6
2012-12-16,56.5
2012-12-17,62.9
2012-12-18,56.9
2012-12-19,60.9
2012-12-20,63.3
2012-12-21,58.8
2012-12-22,58.8
2012-12-23,61.2
2012-12-24,60.2
2012-12-25,59.1
2012-12-26,56.3
2012-12-27,58.6
2012-12-28,60.1
2012-12-29,55.1
2012-12-30,54.0
2012-12-31,55.1
2013-01-01,53.2
2013-01-02,50.2
2013-01-03,47.5
2013-01-04,48.0
2013-01-05,51.6
2013-01-06,54.5
2013-01-07,60.5
2013-01-08,68.3
2013-01-09,129.0
2013-01-10,78.7
2013-01-11,64.2
2013-01-12,60.2
2013-01-13,65.1
2013-01-14,65.1
2013-01-15,59.0
2013-01-16,54.2
2013-01-17,49.0
2013-01-18,47.1
2013-01-19,47.8
2013-01-20,48.2
2013-01-21,49.0
2013-01-22,46.2
2013-01-23,46.0
2013-01-24,45.6
2013-01-25,42.6
2013-01-26,42.4
2013-01-27,40.8
2013-01-28,40.0
2013-01-29,40.1
2013-01-30,40.3
2013-01-31,41.2
2013-02-01,39.7
2013-02-02,41.0
2013-02-03,42.0
2013-02-04,42.3
2013-02-05,45.3
2013-02-06,45.3
2013-02-07,51.6
2013-02-08,45.0
2013-02-09,43.4
2013-02-10,43.1
2013-02-11,42.3
2013-02-12,43.1
2013-02-13,41.2
2013-02-14,42.0
2013-02-15,42.4
2013-02-16,43.5
2013-02-17,41.6
2013-02-18,40.9
2013-02-19,41.8
2013-02-20,43.5
2013-02-21,41.7
2013-02-22,44.2
2013-02-23,46.5
2013-02-24,44.0
2013-02-25,49.3
2013-02-26,47.0
2013-02-27,39.5
2013-02-28,39.3
2013-03-01,66.0
2013-03-02,73.0
2013-03-03,62.5
2013-03-04,53.3
2013-03-05,59.0
2013-03-06,60.5
2013-03-07,55.7
2013-03-08,50.7
2013-03-09,53.0
2013-03-10,53.4
2013-03-11,52.4
2013-03-12,76.7
2013-03-13,99.8
2013-03-14,83.6
2013-03-15,72.9
2013-03-16,78.8
2013-03-17,72.4
2013-03-18,70.7
2013-03-19,72.1
2013-03-20,92.9
2013-03-21,76.4
2013-03-22,61.9
2013-03-23,58.9
2013-03-24,59.1
2013-03-25,58.2
2013-03-26,54.8
2013-03-27,52.7
2013-03-28,49.5
2013-03-29,50.0
2013-03-30,51.2
2013-03-31,49.2
2013-04-01,57.5
2013-04-02,61.8
2013-04-03,53.8
2013-04-04,55.5
2013-04-05,97.2
2013-04-06,109.3
2013-04-07,83.2
2013-04-08,74.2
2013-04-09,68.6
2013-04-10,85.9
2013-04-11,76.1
2013-04-12,67.7
2013-04-13,66.4
2013-04-14,65.3
2013-04-15,64.2
2013-04-16,60.7
2013-04-17,56.7
2013-04-18,55.2
2013-04-19,57.5
2013-04-20,55.2
2013-04-21,48.3
2013-04-22,49.3
2013-04-23,45.4
2013-04-24,41.7
2013-04-25,41.6
2013-04-26,47.3
2013-04-27,48.1
2013-04-28,45.1
2013-04-29,39.0
2013-04-30,33.6
2013-05-01,32.3
2013-05-02,30.6
2013-05-03,25.9
2013-05-04,34.6
2013-05-05,49.2
2013-05-06,76.3
2013-05-07,101.7
2013-05-08,105.7
2013-05-09,104.4
2013-05-10,105.0
2013-05-11,110.6
2013-05-12,140.9
2013-05-13,127.6
2013-05-14,102.2
2013-05-15,80.4
2013-05-16,75.7
2013-05-17,78.4
2013-05-18,68.8
2013-05-19,56.1
2013-05-20,51.0
2013-05-21,51.4
2013-05-22,46.5
2013-05-23,43.8
2013-05-24,40.3
2013-05-25,37.8
2013-05-26,45.5
2013-05-27,60.9
2013-05-28,67.8
2013-05-29,69.3
2013-05-30,67.2
2013-05-31,64.8
2013-06-01,63.3
2013-06-02,67.7
2013-06-03,73.5
2013-06-04,78.5
2013-06-05,87.8
2013-06-06,91.6
2013-06-07,86.2
2013-06-08,78.7
2013-06-09,71.5
2013-06-10,66.9
2013-06-11,62.3
2013-06-12,60.6
2013-06-13,55.7
2013-06-14,53.7
2013-06-15,55.4
2013-06-16,56.4
2013-06-17,62.1
2013-06-18,66.6
2013-06-19,59.1
2013-06-20,53.0
2013-06-21,51.9
2013-06-22,50.7
2013-06-23,57.2
2013-06-24,62.4
2013-06-25,62.1
2013-06-26,69.7
2013-06-27,71.8
2013-06-28,70.1
2013-06-29,69.1
2013-06-30,70.8
2013-07-01,81.0
2013-07-02,89.1
2013-07-03,73.9
2013-07-04,64.0
2013-07-05,58.4
2013-07-06,55.7
2013-07-07,53.7
2013-07-08,53.9
2013-07-09,52.2
2013-07-10,51.8
2013-07-11,47.2
2013-07-12,40.8
2013-07-13,37.1
2013-07-14,36.0
2013-07-15,36.0
2013-07-16,35.4
2013-07-17,36.0
2013-07-18,36.9
2013-07-19,35.8
2013-07-20,34.5
2013-07-21,33.3
2013-07-22,32.9
2013-07-23,31.5
2013-07-24,31.1
2013-07-25,30.4
2013-07-26,29.3
2013-07-27,28.3
2013-07-28,27.2
2013-07-29,26.4
2013-07-30,26.0
2013-07-31,25.6
2013-08-01,25.7
2013-08-02,25.3
2013-08-03,24.2
2013-08-04,23.8
2013-08-05,24.0
2013-08-06,23.4
2013-08-07,22.4
2013-08-08,22.2
2013-08-09,21.8
2013-08-10,21.6
2013-08-11,21.9
2013-08-12,20.5
2013-08-13,19.1
2013-08-14,17.8
2013-08-15,22.1
2013-08-16,18.9
2013-08-17,17.7
2013-08-18,17.0
2013-08-19,15.9
2013-08-20,15.3
2013-08-21,14.0
2013-08-22,13.4
2013-08-23,13.6
2013-08-24,14.0
2013-08-25,13.1
2013-08-26,12.3
2013-08-27,12.8
2013-08-28,17.5
2013-08-29,23.4
2013-08-30,33.3
2013-08-31,17.8
2013-09-01,14.5
2013-09-02,14.0
2013-09-03,14.1
2013-09-04,12.9
2013-09-05,12.2
2013-09-06,12.2
2013-09-07,12.1
2013-09-08,11.6
2013-09-09,11.2
2013-09-10,10.9
2013-09-11,10.5
2013-09-12,10.8
2013-09-13,11.1
2013-09-14,10.4
2013-09-15,10.7
2013-09-16,12.30836168
2013-09-17,11.62921356
2013-09-18,9.750854708
2013-09-19,8.653548132
2013-09-20,8.06001229
2013-09-21,9.760118723
2013-09-22,17.2064699
2013-09-23,38.5788714
2013-09-24,20.79132416
2013-09-25,13.88835537
2013-09-26,11.03823331
2013-09-27,10.08308144
2013-09-28,79.38142578
2013-09-29,164.1008408
2013-09-30,156.6512951
2013-10-01,93.77128445
2013-10-02,76.69158188
2013-10-03,59.77200874
2013-10-04,48.67050444
2013-10-05,44.43746625
2013-10-06,45.33690824
2013-10-07,51.16441178
2013-10-08,45.85267218
2013-10-09,36.85196246
2013-10-10,33.39257018
2013-10-11,31.23516736
2013-10-12,29.0950615
2013-10-13,27.28988771
2013-10-14,25.94009574
2013-10-15,24.76012849
2013-10-16,24.11290764
2013-10-17,23.08546814
2013-10-18,21.99827549
2013-10-19,21.18909219
2013-10-20,20.55067707
2013-10-21,20.11762405
2013-10-22,20.00912493
2013-10-23,19.62859178
2013-10-24,19.0499298
2013-10-25,18.50586174
2013-10-26,17.83568311
2013-10-27,17.64793246
2013-10-28,17.07650375
2013-10-29,16.41387288
2013-10-30,15.95220126
2013-10-31,17.00322753
2013-11-01,16.09851122
2013-11-02,22.4583955
2013-11-03,21.04677173
2013-11-04,16.80181964
2013-11-05,17.09353212
2013-11-06,16.84844323
2013-11-07,50.53146864
2013-11-08,36.79672532
2013-11-09,22.96148927
2013-11-10,18.09971965
2013-11-11,16.7129828
2013-11-12,23.4447365
2013-11-13,32.21217707
2013-11-14,23.66241828
2013-11-15,20.6063678
2013-11-16,22.47572184
2013-11-17,19.71862939
2013-11-18,22.74695774
2013-11-19,68.38231911
2013-11-20,41.39418957
2013-11-21,31.32254852
2013-11-22,28.19435748
2013-11-23,26.96198252
2013-11-24,25.17926015
2013-11-25,23.41260403
2013-11-26,21.96034212
2013-11-27,21.47425967
2013-11-28,20.66181207
2013-11-29,19.5630074
2013-11-30,19.28200575
2013-12-01,48.62088892
2013-12-02,53.08035062
2013-12-03,34.4799662
2013-12-04,28.29966235
2013-12-05,25.69130568
2013-12-06,25.43326492
2013-12-07,23.30361612
2013-12-08,22.44207195
2013-12-09,21.93736501
2013-12-10,21.46645686
2013-12-11,20.60978752
2013-12-12,20.19185247
2013-12-13,20.21687658
2013-12-14,19.21461244
2013-12-15,19.39335604
2013-12-16,18.89904873
2013-12-17,17.52434792
2013-12-18,17.19058487
2013-12-19,16.14639723
2013-12-20,16.31994102
2013-12-21,18.37776739
2013-12-22,18.03685458
2013-12-23,25.41669051
2013-12-24,22.18695608
2013-12-25,18.50938768
2013-12-26,17.65401828
2013-12-27,18.78042798
2013-12-28,19.78691696
2013-12-29,17.38297798
2013-12-30,16.85259696
2013-12-31,16.79897388
2014-01-01,16.33251562
2014-01-02,18.44214244
2014-01-03,31.88547698
2014-01-04,21.01718493
2014-01-05,19.50341448
2014-01-06,18.68172002
2014-01-07,20.84858096
2014-01-08,23.47560412
2014-01-09,28.49207212
2014-01-10,27.80466106
2014-01-11,144.9227783
2014-01-12,81.10317578
2014-01-13,70.45713442
2014-01-14,60.93067676
2014-01-15,46.74595123
2014-01-16,42.02770567
2014-01-17,41.65117901
2014-01-18,38.86888026
2014-01-19,35.62008829
2014-01-20,32.64052955
2014-01-21,30.15212151
2014-01-22,28.84627375
2014-01-23,27.18655757
2014-01-24,26.00099841
2014-01-25,25.19096628
2014-01-26,24.44557678
2014-01-27,23.68152755
2014-01-28,24.08904269
2014-01-29,37.27413991
2014-01-30,36.28117581
2014-01-31,29.2224672
2014-02-01,24.22146552
2014-02-02,22.23334357
2014-02-03,20.57307891
2014-02-04,17.80013737
2014-02-05,16.92069858
2014-02-06,15.60406461
2014-02-07,15.44588006
2014-02-08,15.22543137
2014-02-09,15.47347821
2014-02-10,18.12323773
2014-02-11,20.48590912
2014-02-12,48.33379459
2014-02-13,39.29371574
2014-02-14,43.65893624
2014-02-15,46.87984296
2014-02-16,69.63822462
2014-02-17,69.02568019
2014-02-18,66.171627
2014-02-19,62.25740076
2014-02-20,53.11298742
2014-02-21,46.00141386
2014-02-22,41.56551516
2014-02-23,37.87342041
2014-02-24,35.43670519
2014-02-25,44.99509086
2014-02-26,47.38132165
2014-02-27,50.31951555
2014-02-28,52.02252371
2014-03-01,49.76110051
2014-03-02,49.12172654
2014-03-03,63.09218702
2014-03-04,72.27687267
2014-03-05,118.6138452
2014-03-06,279.9528203
2014-03-07,183.7737538
2014-03-08,141.2120405
2014-03-09,240.2792472
2014-03-10,150.5901582
2014-03-11,114.3816861
2014-03-12,103.0725834
2014-03-13,96.69599696
2014-03-14,107.3247526
2014-03-15,103.2926957
2014-03-16,158.9677654
2014-03-17,119.0007092
2014-03-18,102.0353876
2014-03-19,95.1818912
2014-03-20,87.17780784
2014-03-21,78.8869115
2014-03-22,67.82460131
2014-03-23,63.1088622
2014-03-24,57.90620802
2014-03-25,65.8936162
2014-03-26,79.29712078
2014-03-27,64.24944407
2014-03-28,59.78049754
2014-03-29,77.95977185
2014-03-30,77.94643171
2014-03-31,62.80537404
2014-04-01,55.02019633
2014-04-02,50.81415236
2014-04-03,48.21359866
2014-04-04,49.57722233
2014-04-05,46.13315571
2014-04-06,49.37717974
2014-04-07,48.10690928
2014-04-08,55.70185968
2014-04-09,60.52955423
2014-04-10,52.07442069
2014-04-11,48.7570477
2014-04-12,47.853522
2014-04-13,47.03334737
2014-04-14,46.80663243
2014-04-15,46.88664947
2014-04-16,46.98333672
2014-04-17,63.16011431
2014-04-18,61.23970543
2014-04-19,53.97815935
2014-04-20,57.29219829
2014-04-21,50.53075869
2014-04-22,49.82727557
2014-04-23,48.20693058
2014-04-24,69.6114879
2014-04-25,64.17366345
2014-04-26,55.95524697
2014-04-27,55.40846388
2014-04-28,51.3576014
2014-04-29,48.38363487
2014-04-30,52.47117183
2014-05-01,65.99920535
2014-05-02,76.4436824
2014-05-03,76.08151158
2014-05-04,84.36336456
2014-05-05,85.75115184
2014-05-06,72.06237705
2014-05-07,64.6106324
2014-05-08,64.80614054
2014-05-09,73.0431228
2014-05-10,66.29007937
2014-05-11,60.83187673
2014-05-12,57.1364524
2014-05-13,62.11069226
2014-05-14,78.3058173
2014-05-15,92.20612548
2014-05-16,92.63560238
2014-05-17,76.27701972
2014-05-18,67.75799294
2014-05-19,67.05608667
2014-05-20,62.60747524
2014-05-21,62.35748123
2014-05-22,65.58496805
2014-05-23,98.26046769
2014-05-24,96.23808022
2014-05-25,71.41816171
2014-05-26,65.94713886
2014-05-27,63.49527449
2014-05-28,58.28706587
2014-05-29,54.97624771
2014-05-30,53.43782301
2014-05-31,54.40574855
2014-06-01,56.31836131
2014-06-02,62.25119793
2014-06-03,67.13683805
2014-06-04,68.56494824
2014-06-05,61.99752046
2014-06-06,57.11814397
2014-06-07,56.50743896
2014-06-08,58.84377712
2014-06-09,60.89198779
2014-06-10,56.10030228
2014-06-11,49.96506574
2014-06-12,50.19055682
2014-06-13,52.57700411
2014-06-14,52.30453572
2014-06-15,47.51285022
2014-06-16,45.46150773
2014-06-17,42.98423764
2014-06-18,44.1492749
2014-06-19,44.62531163
2014-06-20,46.60775406
2014-06-21,42.26705072
2014-06-22,41.5028865
2014-06-23,42.49880545
2014-06-24,43.17841051
2014-06-25,44.75684809
2014-06-26,43.89872925
2014-06-27,45.75276704
2014-06-28,48.31459629
2014-06-29,45.53667142
2014-06-30,41.43711826
2014-07-01,41.37299359
2014-07-02,44.73295107
2014-07-03,43.58084249
2014-07-04,38.09120078
2014-07-05,34.91823147
2014-07-06,39.90032264
2014-07-07,41.59111983
2014-07-08,40.92787894
2014-07-09,39.89098122
2014-07-10,36.64639434
2014-07-11,35.16110841
2014-07-12,36.07656767
2014-07-13,36.12016096
2014-07-14,37.77670628
2014-07-15,35.55344809
2014-07-16,33.38125634
2014-07-17,31.64375205
2014-07-18,29.21404846
2014-07-19,31.33050307
2014-07-20,30.50098489
2014-07-21,27.42111841
2014-07-22,25.92555691
2014-07-23,25.93240729
2014-07-24,26.06412132
2014-07-25,24.37924037
2014-07-26,23.47592496
2014-07-27,22.87091227
2014-07-28,22.87496021
2014-07-29,23.3510613
2014-07-30,23.47343392
2014-07-31,22.41038021
2014-08-01,21.74801762
2014-08-02,20.93812499
2014-08-03,21.30680504
2014-08-04,20.65491312
2014-08-05,20.27014866
2014-08-06,19.59271091
2014-08-07,18.63963042
2014-08-08,17.41090719
2014-08-09,16.60794792
2014-08-10,15.96867123
2014-08-11,15.72961265
2014-08-12,17.15261039
2014-08-13,24.87029162
2014-08-14,22.16747898
2014-08-15,19.1417165
2014-08-16,17.60108176
2014-08-17,16.56915609
2014-08-18,16.04972407
2014-08-19,16.03679346
2014-08-20,15.4003552
2014-08-21,14.014257
2014-08-22,12.95741626
2014-08-23,12.37270043
2014-08-24,12.15792617
2014-08-25,11.84380699
2014-08-26,11.8665144
2014-08-27,12.26357871
2014-08-28,12.47488378
2014-08-29,12.0298816
2014-08-30,11.64890171
2014-08-31,11.13735421
2014-09-01,10.39048334
2014-09-02,10.31116788
2014-09-03,11.44041933
2014-09-04,9.957218623
2014-09-05,9.385405298
2014-09-06,9.111957138
2014-09-07,8.927315741
2014-09-08,8.941690936
2014-09-09,8.780049851
2014-09-10,8.54365775
2014-09-11,8.055540007
2014-09-12,7.713729807
2014-09-13,7.445712277
2014-09-14,7.299724182
2014-09-15,7.229445449
2014-09-16,7.251167967
2014-09-17,7.524296678
2014-09-18,8.805286305
2014-09-19,9.244208935
2014-09-20,8.86182874
2014-09-21,8.206000384
2014-09-22,8.178847238
2014-09-23,9.486351114
2014-09-24,30.19461859
2014-09-25,16.91385481
2014-09-26,24.09985522
2014-09-27,19.40874982
2014-09-28,12.42783552
2014-09-29,10.44501692
2014-09-30,10.65361697
2014-10-01,9.585107566
2014-10-02,8.412613037
2014-10-03,7.925467707
2014-10-04,7.967294904
2014-10-05,8.105670595
2014-10-06,8.068246261
2014-10-07,8.09780834
2014-10-08,7.526065144
2014-10-09,7.050241461
2014-10-10,6.758080058
2014-10-11,7.634249775
2014-10-12,9.653591394
2014-10-13,7.873576823
2014-10-14,31.94560074
2014-10-15,18.52944851
2014-10-16,24.94945159
2014-10-17,21.39822817
2014-10-18,43.62608152
2014-10-19,22.91595791
2014-10-20,54.9851533
2014-10-21,71.53394249
2014-10-22,123.8493884
2014-10-23,95.78113745
2014-10-24,54.18037286
2014-10-25,81.48126773
2014-10-26,121.8555205
2014-10-27,68.20349119
2014-10-28,75.72609695
2014-10-29,107.7003163
2014-10-30,97.21835769
2014-10-31,116.2890438
2014-11-01,83.38015105
2014-11-02,70.94346645
2014-11-03,74.48433929
2014-11-04,150.206724
2014-11-05,92.45962435
2014-11-06,135.8636688
2014-11-07,115.0941184
2014-11-08,86.07093208
2014-11-09,81.38652113
2014-11-10,69.9889429
2014-11-11,63.69160767
2014-11-12,52.16486949
2014-11-13,49.30444909
2014-11-14,45.58401242
2014-11-15,41.39733982
2014-11-16,39.01575631
2014-11-17,36.72868008
2014-11-18,34.19903516
2014-11-19,32.29628855
2014-11-20,32.41284753
2014-11-21,48.81301122
2014-11-22,63.34508097
2014-11-23,58.59451492
2014-11-24,52.57440105
2014-11-25,116.9212592
2014-11-26,144.8135084
2014-11-27,169.0703775
2014-11-28,278.6830736
2014-11-29,140.3905676
2014-11-30,87.25542335
2014-12-01,79.52165426
2014-12-02,73.97710286
2014-12-03,66.78511022
2014-12-04,61.45855082
2014-12-05,60.82157361
2014-12-06,66.5088701
2014-12-07,59.49887094
2014-12-08,65.71589848
2014-12-09,318.3878571
2014-12-10,320.3995351
2014-12-11,301.7159536
2014-12-12,227.368364
2014-12-13,139.1502708
2014-12-14,98.93945963
2014-12-15,81.49733377
2014-12-16,71.64368636
2014-12-17,64.43869418
2014-12-18,59.94735489
2014-12-19,65.41690917
2014-12-20,69.641758
2014-12-21,144.8115682
2014-12-22,79.05017133
2014-12-23,90.67175548
2014-12-24,93.85664151
2014-12-25,75.59554495
2014-12-26,69.64500788
2014-12-27,67.99081707
2014-12-28,64.53619069
2014-12-29,60.09359966
2014-12-30,54.1203134
2014-12-31,49.90196435
2015-01-01,51.31258503
2015-01-02,50.67115834
2015-01-03,47.42903057
2015-01-04,50.09803812
2015-01-05,194.1178189
2015-01-06,91.10945502
2015-01-07,69.4141889
2015-01-08,62.49342899
2015-01-09,58.99472996
2015-01-10,56.29240146
2015-01-11,51.95734675
2015-01-12,47.74891162
2015-01-13,47.7022623
2015-01-14,48.76520039
2015-01-15,49.14839124
2015-01-16,56.99547336
2015-01-17,46.51936882
2015-01-18,120.0653547
2015-01-19,75.74183601
2015-01-20,63.45640425
2015-01-21,56.80887608
2015-01-22,53.81332329
2015-01-23,72.48304777
2015-01-24,93.51522712
2015-01-25,70.07727567
2015-01-26,58.71483403
2015-01-27,54.77629855
2015-01-28,52.01066026
2015-01-29,48.75187201
2015-01-30,46.9392127
2015-01-31,45.66635267
2015-02-01,45.37527569
2015-02-02,45.00855337
2015-02-03,43.82048642
2015-02-04,42.30258785
2015-02-05,103.695022
2015-02-06,360.6102932
2015-02-07,241.3593351
2015-02-08,178.0182019
2015-02-09,121.8828798
2015-02-10,94.3890585
2015-02-11,77.77631496
2015-02-12,71.25372643
2015-02-13,71.98743349
2015-02-14,66.35673658
2015-02-15,61.47657488
2015-02-16,59.22833487
2015-02-17,57.00028864
2015-02-18,54.42221701
2015-02-19,52.36581784
2015-02-20,49.70360549
2015-02-21,45.54705398
2015-02-22,42.79733528
2015-02-23,40.22936054
2015-02-24,38.18305825
2015-02-25,36.85363489
2015-02-26,35.92135573
2015-02-27,36.88392555
2015-02-28,35.07994854
2015-03-01,33.36267498
2015-03-02,32.68667539
2015-03-03,31.77621091
2015-03-04,30.99647979
2015-03-05,30.4211863
2015-03-06,29.81521049
2015-03-07,29.27093282
2015-03-08,28.63961074
2015-03-09,28.11067424
2015-03-10,27.01544883
2015-03-11,27.82786329
2015-03-12,34.22279239
2015-03-13,29.83622121
2015-03-14,51.0573807
2015-03-15,47.11737067
2015-03-16,41.23103437
2015-03-17,38.38958478
2015-03-18,36.49195002
2015-03-19,35.98835977
2015-03-20,52.046552
2015-03-21,84.71321718
2015-03-22,60.20738198
2015-03-23,52.11325269
2015-03-24,46.10685514
2015-03-25,47.16072612
2015-03-26,52.23331394
2015-03-27,46.19356605
2015-03-28,49.9721604
2015-03-29,46.17355584
2015-03-30,51.20612325
2015-03-31,49.56195112
2015-04-01,45.30111139
2015-04-02,42.2423273
2015-04-03,40.41860567
2015-04-04,38.73491386
2015-04-05,37.56799874
2015-04-06,36.43109001
2015-04-07,35.22750041
2015-04-08,33.62382564
2015-04-09,32.2088577
2015-04-10,31.61206397
2015-04-11,34.12393212
2015-04-12,31.8921236
2015-04-13,30.81722807
2015-04-14,29.91970364
2015-04-15,28.42471868
2015-04-16,27.94695029
2015-04-17,28.89815281
2015-04-18,29.32391013
2015-04-19,28.72078171
2015-04-20,28.67510532
2015-04-21,29.4916125
2015-04-22,28.50640273
2015-04-23,27.11343949
2015-04-24,27.64021831
2015-04-25,26.55165321
2015-04-26,25.45608661
2015-04-27,27.12877609
2015-04-28,34.0839236
2015-04-29,30.18075923
2015-04-30,27.24946845
2015-05-01,25.17778042
2015-05-02,24.82023902
2015-05-03,24.17025458
2015-05-04,23.9157735
2015-05-05,24.87119934
2015-05-06,23.86962076
2015-05-07,22.53151177
2015-05-08,22.09017618
2015-05-09,22.13055983
2015-05-10,22.83374812
2015-05-11,23.73661112
2015-05-12,22.92637411
2015-05-13,24.68274231
2015-05-14,24.42249213
2015-05-15,24.84523842
2015-05-16,23.74590577
2015-05-17,22.8013771
2015-05-18,23.5052064
2015-05-19,24.43146628
2015-05-20,23.92506815
2015-05-21,24.31864847
2015-05-22,25.4856077
2015-05-23,24.75133041
2015-05-24,24.78562446
2015-05-25,23.37187626
2015-05-26,22.64144504
2015-05-27,22.70971263
2015-05-28,23.02284616
2015-05-29,23.54430803
2015-05-30,22.6267018
2015-05-31,21.06263669
2015-06-01,20.08077723
2015-06-02,20.32708156
2015-06-03,19.96911446
2015-06-04,19.68881652
2015-06-05,18.91118547
2015-06-06,18.88863636
2015-06-07,19.35621717
2015-06-08,19.43357314
2015-06-09,18.65187072
2015-06-10,17.71921455
2015-06-11,16.93970441
2015-06-12,16.51221089
2015-06-13,15.66536661
2015-06-14,15.11886391
2015-06-15,14.94222923
2015-06-16,15.07501842
2015-06-17,14.65222264
2015-06-18,14.50659299
2015-06-19,14.37975425
2015-06-20,13.68824827
2015-06-21,13.31556161
2015-06-22,12.9579077
2015-06-23,12.65819247
2015-06-24,12.96824271
2015-06-25,13.16210241
2015-06-26,13.71267647
2015-06-27,13.81289473
2015-06-28,13.67572098
2015-06-29,13.77343379
2015-06-30,13.82009791
2015-07-01,13.22172978
2015-07-02,13.0200725
2015-07-03,12.80086049
2015-07-04,12.70931457
2015-07-05,12.39762249
2015-07-06,12.12360748
2015-07-07,11.91622793
2015-07-08,11.60142204
2015-07-09,11.77890904
2015-07-10,11.73469298
2015-07-11,11.34453297
2015-07-12,10.78871842
2015-07-13,11.08764389
2015-07-14,10.25843709
2015-07-15,9.744970324
2015-07-16,9.575890605
2015-07-17,9.38190043
2015-07-18,9.536968017
2015-07-19,10.09433947
2015-07-20,10.42627129
2015-07-21,9.620106664
2015-07-22,8.799929905
2015-07-23,8.827954168
2015-07-24,9.091693619
2015-07-25,10.38330075
2015-07-26,9.425493727
2015-07-27,8.992363177
2015-07-28,8.758827653
2015-07-29,8.832002117
2015-07-30,8.895212399
2015-07-31,9.06958559
2015-08-01,8.96423636
2015-08-02,8.828136689
2015-08-03,8.878282221
2015-08-04,8.558486187
2015-08-05,8.069961475
2015-08-06,7.96052437
2015-08-07,7.983547162
2015-08-08,8.276851217
2015-08-09,8.473333397
2015-08-10,8.319112232
2015-08-11,8.1169532
2015-08-12,8.007516095
2015-08-13,8.075322947
2015-08-14,8.129568428
2015-08-15,8.033377313
2015-08-16,7.288763469
2015-08-17,7.196987684
2015-08-18,7.312417022
2015-08-19,7.458122908
2015-08-20,7.397254432
2015-08-21,7.008074642
2015-08-22,6.693640079
2015-08-23,6.664940435
2015-08-24,6.616056426
2015-08-25,6.373213283
2015-08-26,6.330321507
2015-08-27,6.364382623
2015-08-28,7.6069826
2015-08-29,15.37070941
2015-08-30,33.17142715
2015-08-31,25.21468735
2015-09-01,29.59866644
2015-09-02,24.62886241
2015-09-03,23.22009327
2015-09-04,21.02004949
2015-09-05,18.66986478
2015-09-06,21.08809208
2015-09-07,20.63894709
2015-09-08,16.25718924
2015-09-09,13.07050561
2015-09-10,11.04460982
2015-09-11,10.71495114
2015-09-12,10.48782305
2015-09-13,9.974788306
2015-09-14,8.924440701
2015-09-15,8.429295085
2015-09-16,8.39383627
2015-09-17,8.932107472
2015-09-18,9.309376487
2015-09-19,10.56001848
2015-09-20,16.99531425
2015-09-21,22.40581832
2015-09-22,13.30568079
2015-09-23,10.97114907
2015-09-24,10.25590324
2015-09-25,12.38822388
2015-09-26,10.91939836
2015-09-27,9.565254964
2015-09-28,9.072984386
2015-09-29,8.759924577
2015-09-30,8.530879799
2015-10-01,8.230661011
2015-10-02,8.063214417
2015-10-03,7.931757511
2015-10-04,7.631104873
2015-10-05,7.508453692
2015-10-06,7.422283376
2015-10-07,9.716174945
2015-10-08,12.74125625
2015-10-09,9.651075473
2015-10-10,24.27361214
2015-10-11,39.59337359
2015-10-12,24.63684833
2015-10-13,23.74684104
2015-10-14,20.92492041
2015-10-15,19.059679
2015-10-16,16.93749908
2015-10-17,15.28831243
2015-10-18,13.51804706
2015-10-19,11.69306039
2015-10-20,10.4017636
2015-10-21,9.653591394
2015-10-22,9.386274718
2015-10-23,8.957939056
2015-10-24,8.630240261
2015-10-25,8.730562637
2015-10-26,11.10150431
2015-10-27,9.836624695
2015-10-28,9.279977028
2015-10-29,13.51647461
2015-10-30,32.9359304
2015-10-31,136.9793546
2015-11-01,62.62690807
2015-11-02,51.34265614
2015-11-03,38.63457694
2015-11-04,33.29176525
2015-11-05,30.731878
2015-11-06,29.09060154
2015-11-07,51.9689244
2015-11-08,54.43619451
2015-11-09,40.78304248
2015-11-10,36.37900314
2015-11-11,38.4109097
2015-11-12,38.35105509
2015-11-13,399.501183
2015-11-14,165.2396823
2015-11-15,106.6168152
2015-11-16,82.34104468
2015-11-17,345.8115961
2015-11-18,160.1992939
2015-11-19,79.07424296
2015-11-20,66.94265818
2015-11-21,62.69928121
2015-11-22,56.64136442
2015-11-23,51.88449789
2015-11-24,48.7594571
2015-11-25,44.57593474
2015-11-26,42.55662914
2015-11-27,40.87124928
2015-11-28,39.62060291
2015-11-29,38.67553009
2015-11-30,37.77456067
2015-12-01,39.09634072
2015-12-02,44.94589169
2015-12-03,128.383406
2015-12-04,94.50986814
2015-12-05,77.48697727
2015-12-06,128.9066373
2015-12-07,150.9408489
2015-12-08,245.4084685
2015-12-09,331.9203728
2015-12-10,179.721819
2015-12-11,132.7090012
2015-12-12,100.8341418
2015-12-13,109.7843216
2015-12-14,91.05199187
2015-12-15,74.79607356
2015-12-16,65.12441964
2015-12-17,61.07506454
2015-12-18,83.40826539
2015-12-19,68.22155882
2015-12-20,66.75586126
2015-12-21,65.82314464
2015-12-22,60.06110082
2015-12-23,57.06795793
2015-12-24,56.22298816
2015-12-25,48.15352691
2015-12-26,43.987176
2015-12-27,42.16074135
2015-12-28,40.68204427
2015-12-29,38.99210474
2015-12-30,37.43541044
2015-12-31,36.12245742
2016-01-01,36.00261105
2016-01-02,35.21024069
2016-01-03,34.30057894
2016-01-04,33.43090232
2016-01-05,32.93108818
2016-01-06,33.04771148
2016-01-07,32.3206485
2016-01-08,31.50895032
2016-01-09,30.91350506
2016-01-10,30.27107728
2016-01-11,30.39836328
2016-01-12,37.14618749
2016-01-13,69.23092371
2016-01-14,49.74150403
2016-01-15,42.04436614
2016-01-16,44.08360787
2016-01-17,60.79739298
2016-01-18,64.56932375
2016-01-19,56.39902848
2016-01-20,49.15838752
2016-01-21,132.1408645
2016-01-22,263.2187909
2016-01-23,123.9139236
2016-01-24,85.41157373
2016-01-25,72.74628322
2016-01-26,75.42195496
2016-01-27,88.65370151
2016-01-28,311.620793
2016-01-29,167.6110085
2016-01-30,123.8472817
2016-01-31,105.8673008
2016-02-01,91.61393269
2016-02-02,82.47809833
2016-02-03,79.03506011
2016-02-04,80.38804287
2016-02-05,80.55632431
2016-02-06,91.51481155
2016-02-07,79.61058263
2016-02-08,75.23189962
2016-02-09,76.74643256
2016-02-10,79.28075101
2016-02-11,79.60048574
2016-02-12,124.6696204
2016-02-13,110.9445864
2016-02-14,102.5742676
2016-02-15,163.2195322
2016-02-16,198.1110056
2016-02-17,131.3301997
2016-02-18,113.9972116
2016-02-19,100.7803875
2016-02-20,94.43281168
2016-02-21,84.36285044
2016-02-22,80.66402443
2016-02-23,76.12715687
2016-02-24,70.30125349
2016-02-25,65.63985766
2016-02-26,63.60028663
2016-02-27,61.96459105
2016-02-28,62.52328543
2016-02-29,62.21701321
2016-03-01,76.01284097
2016-03-02,92.70062536
2016-03-03,99.66751291
2016-03-04,95.95561925
2016-03-05,116.9896833
2016-03-06,113.1643985
2016-03-07,101.4317463
2016-03-08,87.42126538
2016-03-09,80.63113467
2016-03-10,160.3351297
2016-03-11,113.4845618
2016-03-12,97.41636446
2016-03-13,89.76912983
2016-03-14,88.0182366
2016-03-15,78.62344376
2016-03-16,71.52648986
2016-03-17,66.2104445
2016-03-18,62.32846407
2016-03-19,59.96725948
2016-03-20,60.70763719
2016-03-21,68.9184927
2016-03-22,66.90413172
2016-03-23,63.7425188
2016-03-24,65.95031179
2016-03-25,62.37848959
2016-03-26,59.78383257
2016-03-27,59.66043629
2016-03-28,57.21919086
2016-03-29,55.11478395
2016-03-30,54.0442378
2016-03-31,55.04474822
2016-04-01,58.20415106
2016-04-02,61.93652046
2016-04-03,61.47975654
2016-04-04,70.43499657
2016-04-05,65.09385937
2016-04-06,60.21948821
2016-04-07,59.95943284
2016-04-08,69.41144531
2016-04-09,74.78925698
2016-04-10,70.08158799
2016-04-11,66.51749581
2016-04-12,65.05385085
2016-04-13,62.68334614
2016-04-14,58.94254967
2016-04-15,56.035264
2016-04-16,53.99816361
2016-04-17,53.72810611
2016-04-18,57.65227495
2016-04-19,67.55438325
2016-04-20,78.52338536
2016-04-21,87.06853808
2016-04-22,81.41066677
2016-04-23,74.0724377
2016-04-24,70.44833274
2016-04-25,64.26368261
2016-04-26,60.14613926
2016-04-27,57.64227282
2016-04-28,55.55182774
2016-04-29,54.37824453
2016-04-30,53.46138265
2016-05-01,51.51443795
2016-05-02,53.55961496
2016-05-03,60.30304324
2016-05-04,62.64593586
2016-05-05,59.25819646
2016-05-06,58.2454002
2016-05-07,59.62357233
2016-05-08,63.89911098
2016-05-09,59.52101068
2016-05-10,56.13327129
2016-05-11,55.22944678
2016-05-12,56.30634407
2016-05-13,56.67171993
2016-05-14,58.48898411
2016-05-15,60.64277869
2016-05-16,59.07871358
2016-05-17,58.8928206
2016-05-18,57.96656072
2016-05-19,57.00825034
2016-05-20,53.46025837
2016-05-21,50.95070308
2016-05-22,50.02123815
2016-05-23,49.51804507
2016-05-24,48.74242262
2016-05-25,48.27448511
2016-05-26,49.85457548
2016-05-27,48.70075695
2016-05-28,48.29051036
2016-05-29,51.67183965
2016-05-30,49.5693259
2016-05-31,48.56614479
2016-06-01,50.61772033
2016-06-02,56.34145247
2016-06-03,53.03738174
2016-06-04,54.69411483
2016-06-05,60.21864636
2016-06-06,62.64580732
2016-06-07,57.95434007
2016-06-08,55.84036117
2016-06-09,51.83163081
2016-06-10,48.47431914
2016-06-11,46.1567719
2016-06-12,43.59494265
2016-06-13,43.06879679
2016-06-14,42.80885568
2016-06-15,40.79196322
2016-06-16,38.59655699
2016-06-17,37.16218316
2016-06-18,37.05256943
2016-06-19,36.62037819
2016-06-20,35.79044574
2016-06-21,37.6100335
2016-06-22,37.09015128
2016-06-23,37.8073382
2016-06-24,39.82423066
2016-06-25,36.0441232
2016-06-26,35.28935444
2016-06-27,36.19445059
2016-06-28,37.84492004
2016-06-29,37.59750622
2016-06-30,36.63290548
2016-07-01,34.20110097
2016-07-02,33.20875144
2016-07-03,33.28659661
2016-07-04,31.48681618
2016-07-05,29.84926509
2016-07-06,28.47358516
2016-07-07,28.04917327
2016-07-08,29.84957647
2016-07-09,29.41769144
2016-07-10,28.08498205
2016-07-11,26.41006528
2016-07-12,26.00527037
2016-07-13,25.36569442
2016-07-14,24.55049975
2016-07-15,24.13324962
2016-07-16,23.72347262
2016-07-17,23.91590589
2016-07-18,23.5624888
2016-07-19,23.02442295
2016-07-20,22.03392095
2016-07-21,21.39278809
2016-07-22,22.49756681
2016-07-23,21.36600935
2016-07-24,20.39387881
2016-07-25,20.47608332
2016-07-26,20.8958245
2016-07-27,20.11145652
2016-07-28,19.50550968
2016-07-29,19.18042823
2016-07-30,18.84725089
2016-07-31,17.74465184
2016-08-01,17.16281333
2016-08-02,16.78550725
2016-08-03,16.28121351
2016-08-04,16.17051488
2016-08-05,15.87626468
2016-08-06,15.34579434
2016-08-07,15.18242713
2016-08-08,15.39247068
2016-08-09,14.59140369
2016-08-10,14.44285938
2016-08-11,14.40501369
2016-08-12,14.35108359
2016-08-13,14.53841973
2016-08-14,14.57721156
2016-08-15,14.131894
2016-08-16,14.07071015
2016-08-17,13.98902654
2016-08-18,13.73230665
2016-08-19,13.71590685
2016-08-20,13.4226028
2016-08-21,13.25702793
2016-08-22,13.11132204
2016-08-23,12.74043433
2016-08-24,12.61806662
2016-08-25,12.67357362
2016-08-26,12.69438875
2016-08-27,12.81139499
2016-08-28,12.6625353
2016-08-29,12.43167662
2016-08-30,12.41149226
2016-08-31,12.44271495
2016-09-01,13.26938124
2016-09-02,13.74683956
2016-09-03,13.33347283
2016-09-04,12.56967079
2016-09-05,12.25181924
2016-09-06,12.76070116
2016-09-07,12.62014369
2016-09-08,12.36394577
2016-09-09,12.04928871
2016-09-10,11.93684274
2016-09-11,11.89914779
2016-09-12,11.66595017
2016-09-13,11.53114279
2016-09-14,11.4343498
2016-09-15,11.408155
2016-09-16,11.38802973
2016-09-17,13.57082328
2016-09-18,13.00220444
2016-09-19,11.3295706
2016-09-20,11.08966456
2016-09-21,9.56110213
2016-09-22,9.111318241
2016-09-23,9.01165022
2016-09-24,9.425975294
2016-09-25,9.319598848
2016-09-26,9.259542477
2016-09-27,8.980344239
2016-09-28,8.728618596
2016-09-29,8.517782398
2016-09-30,8.399586348
