Day,Daily SSC (mg/L)
2011-09-15,53.9
2011-09-16,54.1
2011-09-17,54.1
2011-09-18,54.2
2011-09-19,54.2
2011-09-20,54.2
2011-09-21,54.1
2011-09-22,54.1
2011-09-23,54.3
2011-09-24,54.1
2011-09-25,54.1
2011-09-26,126.0
2011-09-27,106.9
2011-09-28,104.3
2011-09-29,84.0
2011-09-30,81.1
2011-10-01,84.2
2011-10-02,87.5
2011-10-03,89.4
2011-10-04,91.2
2011-10-05,95.7
2011-10-06,90.7
2011-10-07,84.6
2011-10-08,81.0
2011-10-09,78.0
2011-10-10,79.8
2011-10-11,103.7
2011-10-12,158.3
2011-10-13,121.8
2011-10-14,95.7
2011-10-15,85.3
2011-10-16,80.7
2011-10-17,76.7
2011-10-18,75.6
2011-10-19,282.2
2011-10-20,147.4
2011-10-21,172.6
2011-10-22,184.1
2011-10-23,210.1
2011-10-24,166.8
2011-10-25,149.1
2011-10-26,143.6
2011-10-27,148.4
2011-10-28,143.7
2011-10-29,135.1
2011-10-30,123.4
2011-10-31,112.0
2011-11-01,107.7
2011-11-02,106.0
2011-11-03,103.1
2011-11-04,102.0
2011-11-05,95.7
2011-11-06,92.8
2011-11-07,92.0
2011-11-08,93.9
2011-11-09,92.8
2011-11-10,97.8
2011-11-11,102.6
2011-11-12,116.8
2011-11-13,111.6
2011-11-14,104.3
2011-11-15,101.3
2011-11-16,104.9
2011-11-17,128.9
2011-11-18,154.9
2011-11-19,152.2
2011-11-20,132.0
2011-11-21,119.4
2011-11-22,300.5
2011-11-23,1513.9
2011-11-24,935.4
2011-11-25,483.4
2011-11-26,416.7
2011-11-27,845.0
2011-11-28,1050.6
2011-11-29,466.0
2011-11-30,251.9
2011-12-01,223.0
2011-12-02,206.7
2011-12-03,170.4
2011-12-04,165.1
2011-12-05,164.9
2011-12-06,138.6
2011-12-07,121.2
2011-12-08,113.7
2011-12-09,103.5
2011-12-10,99.0
2011-12-11,92.8
2011-12-12,86.8
2011-12-13,84.6
2011-12-14,81.7
2011-12-15,78.4
2011-12-16,77.4
2011-12-17,77.2
2011-12-18,77.2
2011-12-19,99.7
2011-12-20,194.5
2011-12-21,135.0
2011-12-22,197.0
2011-12-23,157.2
2011-12-24,148.2
2011-12-25,144.8
2011-12-26,142.3
2011-12-27,143.1
2011-12-28,647.6
2011-12-29,1325.2
2011-12-30,928.0
2011-12-31,455.5
2012-01-01,342.9
2012-01-02,265.9
2012-01-03,279.2
2012-01-04,299.9
2012-01-05,435.2
2012-01-06,507.8
2012-01-07,445.1
2012-01-08,258.6
2012-01-09,206.8
2012-01-10,178.0
2012-01-11,169.5
2012-01-12,159.1
2012-01-13,145.4
2012-01-14,135.9
2012-01-15,123.4
2012-01-16,119.3
2012-01-17,114.9
2012-01-18,121.0
2012-01-19,115.0
2012-01-20,106.3
2012-01-21,168.4
2012-01-22,154.6
2012-01-23,283.2
2012-01-24,177.9
2012-01-25,289.6
2012-01-26,260.5
2012-01-27,368.5
2012-01-28,247.1
2012-01-29,328.4
2012-01-30,371.0
2012-01-31,245.0
2012-02-01,204.6
2012-02-02,184.2
2012-02-03,166.2
2012-02-04,158.6
2012-02-05,145.9
2012-02-06,136.5
2012-02-07,132.1
2012-02-08,115.4
2012-02-09,115.8
2012-02-10,121.7
2012-02-11,105.9
2012-02-12,96.7
2012-02-13,100.0
2012-02-14,100.3
2012-02-15,100.1
2012-02-16,99.4
2012-02-17,95.2
2012-02-18,118.8
2012-02-19,112.2
2012-02-20,107.0
2012-02-21,110.3
2012-02-22,151.3
2012-02-23,133.5
2012-02-24,133.1
2012-02-25,133.2
2012-02-26,126.4
2012-02-27,120.9
2012-02-28,114.4
2012-02-29,115.9
2012-03-01,115.5
2012-03-02,114.4
2012-03-03,117.9
2012-03-04,112.2
2012-03-05,116.7
2012-03-06,117.8
2012-03-07,117.8
2012-03-08,109.9
2012-03-09,106.7
2012-03-10,107.9
2012-03-11,110.1
2012-03-12,119.0
2012-03-13,127.4
2012-03-14,121.5
2012-03-15,175.9
2012-03-16,410.7
2012-03-17,324.3
2012-03-18,282.3
2012-03-19,261.5
2012-03-20,248.8
2012-03-21,420.3
2012-03-22,255.7
2012-03-23,279.9
2012-03-24,324.5
2012-03-25,395.8
2012-03-26,528.1
2012-03-27,783.8
2012-03-28,1458.3
2012-03-29,2555.3
2012-03-30,2534.8
2012-03-31,1914.9
2012-04-01,1987.1
2012-04-02,1604.9
2012-04-03,1119.0
2012-04-04,959.0
2012-04-05,682.9
2012-04-06,618.7
2012-04-07,552.8
2012-04-08,456.0
2012-04-09,446.3
2012-04-10,413.4
2012-04-11,481.4
2012-04-12,478.2
2012-04-13,492.3
2012-04-14,446.9
2012-04-15,601.6
2012-04-16,2168.8
2012-04-17,3556.8
2012-04-18,3329.6
2012-04-19,3007.6
2012-04-20,4068.2
2012-04-21,3365.8
2012-04-22,3024.9
2012-04-23,4417.0
2012-04-24,4602.8
2012-04-25,4640.3
2012-04-26,6489.2
2012-04-27,3555.7
2012-04-28,2268.6
2012-04-29,1327.1
2012-04-30,1104.6
2012-05-01,1255.7
2012-05-02,1606.4
2012-05-03,1168.4
2012-05-04,849.1
2012-05-05,813.5
2012-05-06,691.7
2012-05-07,632.3
2012-05-08,902.2
2012-05-09,1032.8
2012-05-10,790.4
2012-05-11,572.0
2012-05-12,543.8
2012-05-13,654.7
2012-05-14,1082.8
2012-05-15,768.0
2012-05-16,689.1
2012-05-17,507.0
2012-05-18,359.2
2012-05-19,296.2
2012-05-20,275.8
2012-05-21,426.5
2012-05-22,1067.6
2012-05-23,723.7
2012-05-24,593.4
2012-05-25,537.7
2012-05-26,423.9
2012-05-27,371.7
2012-05-28,301.9
2012-05-29,261.3
2012-05-30,246.7
2012-05-31,261.9
2012-06-01,581.8
2012-06-02,586.9
2012-06-03,398.6
2012-06-04,301.9
2012-06-05,271.1
2012-06-06,247.5
2012-06-07,254.8
2012-06-08,249.2
2012-06-09,289.6
2012-06-10,289.7
2012-06-11,295.9
2012-06-12,264.8
2012-06-13,284.9
2012-06-14,314.0
2012-06-15,327.1
2012-06-16,294.3
2012-06-17,452.4
2012-06-18,352.6
2012-06-19,293.1
2012-06-20,256.7
2012-06-21,258.0
2012-06-22,240.5
2012-06-23,242.5
2012-06-24,230.0
2012-06-25,267.2
2012-06-26,249.9
2012-06-27,242.8
2012-06-28,241.4
2012-06-29,236.6
2012-06-30,230.9
2012-07-01,218.2
2012-07-02,257.0
2012-07-03,216.3
2012-07-04,228.7
2012-07-05,237.2
2012-07-06,180.3
2012-07-07,177.0
2012-07-08,178.7
2012-07-09,214.8
2012-07-10,391.6
2012-07-11,297.4
2012-07-12,402.9
2012-07-13,564.7
2012-07-14,384.8
2012-07-15,368.6
2012-07-16,340.9
2012-07-17,335.7
2012-07-18,296.4
2012-07-19,258.6
2012-07-20,252.2
2012-07-21,227.3
2012-07-22,236.9
2012-07-23,236.3
2012-07-24,245.9
2012-07-25,223.6
2012-07-26,229.9
2012-07-27,223.7
2012-07-28,197.3
2012-07-29,216.1
2012-07-30,203.4
2012-07-31,177.0
2012-08-01,159.6
2012-08-02,144.5
2012-08-03,135.1
2012-08-04,151.5
2012-08-05,143.6
2012-08-06,143.3
2012-08-07,130.2
2012-08-08,112.7
2012-08-09,108.7
2012-08-10,107.5
2012-08-11,96.8
2012-08-12,90.2
2012-08-13,86.1
2012-08-14,81.7
2012-08-15,96.3
2012-08-16,98.3
2012-08-17,92.7
2012-08-18,83.8
2012-08-19,77.3
2012-08-20,78.7
2012-08-21,74.6
2012-08-22,72.2
2012-08-23,69.2
2012-08-24,68.8
2012-08-25,66.9
2012-08-26,67.4
2012-08-27,65.6
2012-08-28,67.8
2012-08-29,69.0
2012-08-30,67.1
2012-08-31,64.1
2012-09-01,61.9
2012-09-02,61.8
2012-09-03,62.3
2012-09-04,61.1
2012-09-05,59.3
2012-09-06,63.9
2012-09-07,62.0
2012-09-08,61.8
2012-09-09,57.7
2012-09-10,67.3
2012-09-11,59.7
2012-09-12,74.6
2012-09-13,77.4
2012-09-14,73.0
2012-09-15,76.2
2012-09-16,68.9
2012-09-17,121.5
2012-09-18,107.3
2012-09-19,107.5
2012-09-20,135.3
2012-09-21,121.7
2012-09-22,114.2
2012-09-23,105.8
2012-09-24,102.8
2012-09-25,98.3
2012-09-26,101.3
2012-09-27,91.1
2012-09-28,101.2
2012-09-29,94.9
2012-09-30,81.3
2012-10-01,80.7
2012-10-02,82.0
2012-10-03,81.1
2012-10-04,81.6
2012-10-05,81.4
2012-10-06,75.6
2012-10-07,70.0
2012-10-08,87.8
2012-10-09,81.8
2012-10-10,92.3
2012-10-11,97.8
2012-10-12,89.1
2012-10-13,100.0
2012-10-14,1832.8
2012-10-15,2405.4
2012-10-16,3092.3
2012-10-17,1223.2
2012-10-18,900.1
2012-10-19,3277.5
2012-10-20,1354.3
2012-10-21,1109.5
2012-10-22,686.9
2012-10-23,577.3
2012-10-24,1069.2
2012-10-25,2113.3
2012-10-26,1252.9
2012-10-27,2127.1
2012-10-28,4790.9
2012-10-29,4884.5
2012-10-30,4070.0
2012-10-31,8592.5
2012-11-01,8527.1
2012-11-02,5662.5
2012-11-03,4314.7
2012-11-04,3516.3
2012-11-05,3517.9
2012-11-06,2456.3
2012-11-07,2706.8
2012-11-08,2579.2
2012-11-09,2941.5
2012-11-10,2192.6
2012-11-11,2112.7
2012-11-12,3274.3
2012-11-13,3249.1
2012-11-14,3713.1
2012-11-15,2903.2
2012-11-16,3168.7
2012-11-17,7049.9
2012-11-18,5480.3
2012-11-19,7238.4
2012-11-20,6189.2
2012-11-21,5924.2
2012-11-22,5285.7
2012-11-23,4581.3
2012-11-24,7510.4
2012-11-25,9206.7
2012-11-26,6057.6
2012-11-27,5230.3
2012-11-28,5301.5
2012-11-29,9847.7
2012-11-30,9191.8
2012-12-01,5240.9
2012-12-02,10886.2
2012-12-03,11717.2
2012-12-04,8995.4
2012-12-05,5507.7
2012-12-06,5252.3
2012-12-07,4435.5
2012-12-08,4050.0
2012-12-09,4492.4
2012-12-10,4233.5
2012-12-11,4330.4
2012-12-12,3068.5
2012-12-13,2191.5
2012-12-14,1762.8
2012-12-15,1684.5
2012-12-16,1857.9
2012-12-17,2251.3
2012-12-18,1873.9
2012-12-19,2317.5
2012-12-20,2224.0
2012-12-21,2421.0
2012-12-22,2668.2
2012-12-23,1487.7
2012-12-24,1734.0
2012-12-25,1217.5
2012-12-26,1255.1
2012-12-27,1144.2
2012-12-28,1114.4
2012-12-29,1143.4
2012-12-30,1142.2
2012-12-31,1660.4
2013-01-01,1024.6
2013-01-02,1069.3
2013-01-03,854.6
2013-01-04,781.5
2013-01-05,752.6
2013-01-06,797.6
2013-01-07,921.9
2013-01-08,2768.2
2013-01-09,6861.0
2013-01-10,4661.4
2013-01-11,3360.3
2013-01-12,2092.0
2013-01-13,1505.9
2013-01-14,1192.9
2013-01-15,947.6
2013-01-16,851.9
2013-01-17,811.0
2013-01-18,702.9
2013-01-19,653.5
2013-01-20,711.1
2013-01-21,722.0
2013-01-22,740.3
2013-01-23,1072.8
2013-01-24,1459.6
2013-01-25,1753.0
2013-01-26,1405.0
2013-01-27,1262.2
2013-01-28,1155.8
2013-01-29,1210.6
2013-01-30,1066.3
2013-01-31,1128.3
2013-02-01,1145.7
2013-02-02,903.0
2013-02-03,855.5
2013-02-04,758.7
2013-02-05,848.1
2013-02-06,960.5
2013-02-07,1077.6
2013-02-08,1037.8
2013-02-09,994.8
2013-02-10,940.0
2013-02-11,974.8
2013-02-12,859.4
2013-02-13,821.6
2013-02-14,756.0
2013-02-15,654.6
2013-02-16,574.7
2013-02-17,593.1
2013-02-18,595.3
2013-02-19,542.9
2013-02-20,527.8
2013-02-21,510.0
2013-02-22,571.8
2013-02-23,547.7
2013-02-24,511.0
2013-02-25,524.5
2013-02-26,492.9
2013-02-27,506.6
2013-02-28,513.1
2013-03-01,5065.6
2013-03-02,6190.3
2013-03-03,3366.0
2013-03-04,2299.5
2013-03-05,1684.5
2013-03-06,1733.8
2013-03-07,1522.5
2013-03-08,1616.7
2013-03-09,1945.2
2013-03-10,1182.6
2013-03-11,1104.5
2013-03-12,6135.9
2013-03-13,9816.8
2013-03-14,8460.2
2013-03-15,8080.5
2013-03-16,5438.6
2013-03-17,3340.2
2013-03-18,4127.8
2013-03-19,3802.2
2013-03-20,8910.3
2013-03-21,7171.0
2013-03-22,5927.7
2013-03-23,5325.1
2013-03-24,2235.9
2013-03-25,1519.0
2013-03-26,1268.0
2013-03-27,839.1
2013-03-28,931.7
2013-03-29,930.7
2013-03-30,1468.7
2013-03-31,1269.0
2013-04-01,1162.4
2013-04-02,1688.4
2013-04-03,2138.3
2013-04-04,3543.0
2013-04-05,10295.7
2013-04-06,8376.8
2013-04-07,6924.5
2013-04-08,6464.4
2013-04-09,5512.2
2013-04-10,6667.8
2013-04-11,5290.4
2013-04-12,3476.8
2013-04-13,2734.4
2013-04-14,2182.4
2013-04-15,1470.5
2013-04-16,1508.3
2013-04-17,1344.6
2013-04-18,1104.9
2013-04-19,1091.1
2013-04-20,1054.0
2013-04-21,1120.7
2013-04-22,1099.0
2013-04-23,784.2
2013-04-24,731.9
2013-04-25,706.0
2013-04-26,777.5
2013-04-27,941.8
2013-04-28,1081.8
2013-04-29,1102.5
2013-04-30,1161.6
2013-05-01,1386.8
2013-05-02,938.5
2013-05-03,1139.8
2013-05-04,1194.1
2013-05-05,2131.4
2013-05-06,5449.8
2013-05-07,8553.4
2013-05-08,7745.6
2013-05-09,8572.2
2013-05-10,8097.8
2013-05-11,6998.6
2013-05-12,8138.2
2013-05-13,8128.4
2013-05-14,7512.9
2013-05-15,7343.7
2013-05-16,7617.5
2013-05-17,8812.6
2013-05-18,6914.8
2013-05-19,6117.2
2013-05-20,5575.5
2013-05-21,4802.2
2013-05-22,3467.0
2013-05-23,2925.8
2013-05-24,2949.7
2013-05-25,2486.3
2013-05-26,2006.1
2013-05-27,1726.7
2013-05-28,1501.8
2013-05-29,1535.4
2013-05-30,1447.4
2013-05-31,1187.7
2013-06-01,1064.4
2013-06-02,1111.1
2013-06-03,1150.1
2013-06-04,1139.3
2013-06-05,1204.3
2013-06-06,1961.4
2013-06-07,3051.6
2013-06-08,3902.3
2013-06-09,2957.8
2013-06-10,2621.5
2013-06-11,2896.4
2013-06-12,3284.7
2013-06-13,3381.7
2013-06-14,2807.2
2013-06-15,2063.1
2013-06-16,1699.7
2013-06-17,1901.6
2013-06-18,3344.5
2013-06-19,2739.1
2013-06-20,1645.4
2013-06-21,1276.0
2013-06-22,958.2
2013-06-23,996.0
2013-06-24,1222.3
2013-06-25,1183.8
2013-06-26,1654.2
2013-06-27,1616.3
2013-06-28,1852.0
2013-06-29,2493.6
2013-06-30,3402.0
2013-07-01,3553.4
2013-07-02,3876.7
2013-07-03,2463.4
2013-07-04,1683.1
2013-07-05,1406.1
2013-07-06,1033.0
2013-07-07,895.9
2013-07-08,844.4
2013-07-09,865.5
2013-07-10,570.0
2013-07-11,198.9
2013-07-12,165.8
2013-07-13,149.1
2013-07-14,135.6
2013-07-15,118.2
2013-07-16,114.8
2013-07-17,129.9
2013-07-18,129.9
2013-07-19,121.2
2013-07-20,111.3
2013-07-21,108.1
2013-07-22,106.8
2013-07-23,101.9
2013-07-24,100.0
2013-07-25,90.8
2013-07-26,83.8
2013-07-27,83.9
2013-07-28,87.4
2013-07-29,83.3
2013-07-30,85.6
2013-07-31,79.0
2013-08-01,77.9
2013-08-02,80.8
2013-08-03,82.2
2013-08-04,81.4
2013-08-05,85.0
2013-08-06,87.6
2013-08-07,86.2
2013-08-08,84.3
2013-08-09,90.2
2013-08-10,85.1
2013-08-11,84.2
2013-08-12,79.1
2013-08-13,80.4
2013-08-14,75.4
2013-08-15,85.5
2013-08-16,75.7
2013-08-17,73.3
2013-08-18,73.2
2013-08-19,67.8
2013-08-20,68.0
2013-08-21,67.1
2013-08-22,67.0
2013-08-23,70.6
2013-08-24,71.2
2013-08-25,71.0
2013-08-26,71.1
2013-08-27,71.4
2013-08-28,75.9
2013-08-29,109.4
2013-08-30,166.1
2013-08-31,88.7
2013-09-01,80.6
2013-09-02,80.4
2013-09-03,83.9
2013-09-04,81.1
2013-09-05,83.1
2013-09-06,86.3
2013-09-07,84.4
2013-09-08,87.0
2013-09-09,92.1
2013-09-10,100.4
2013-09-11,102.8
2013-09-12,101.8
2013-09-13,93.7
2013-09-14,92.5
2013-09-15,86.6
2013-09-16,155.7282635
2013-09-17,118.5716623
2013-09-18,118.5361997
2013-09-19,133.3585186
2013-09-20,134.992517
2013-09-21,137.8241549
2013-09-22,267.0382626
2013-09-23,368.1695652
2013-09-24,191.0571288
2013-09-25,123.9636091
2013-09-26,103.043471
2013-09-27,91.03441095
2013-09-28,4394.980391
2013-09-29,8723.857433
2013-09-30,6741.196455
2013-10-01,3969.926705
2013-10-02,2983.372356
2013-10-03,2161.528303
2013-10-04,1776.735243
2013-10-05,1499.064077
2013-10-06,1142.813743
2013-10-07,1286.585394
2013-10-08,1050.130906
2013-10-09,731.1368738
2013-10-10,613.4791136
2013-10-11,423.07999
2013-10-12,322.3635626
2013-10-13,264.3555429
2013-10-14,220.9003632
2013-10-15,186.0670435
2013-10-16,168.2643593
2013-10-17,166.8739094
2013-10-18,751.3255267
2013-10-19,1737.595426
2013-10-20,1373.022871
2013-10-21,859.5647751
2013-10-22,701.2615984
2013-10-23,640.2098652
2013-10-24,372.5516643
2013-10-25,254.767477
2013-10-26,194.1161781
2013-10-27,185.1600815
2013-10-28,132.8910082
2013-10-29,121.8772365
2013-10-30,112.417699
2013-10-31,138.2756657
2013-11-01,121.6273711
2013-11-02,849.9025738
2013-11-03,779.124596
2013-11-04,647.0771411
2013-11-05,329.5907377
2013-11-06,1160.060584
2013-11-07,3453.765668
2013-11-08,2451.590051
2013-11-09,2006.560209
2013-11-10,2037.772453
2013-11-11,2617.629989
2013-11-12,3684.947593
2013-11-13,2567.876456
2013-11-14,2366.232915
2013-11-15,2080.594978
2013-11-16,1410.640276
2013-11-17,1173.159685
2013-11-18,1566.974785
2013-11-19,4598.580935
2013-11-20,2995.600137
2013-11-21,2506.559455
2013-11-22,2413.59342
2013-11-23,2156.734845
2013-11-24,1632.803632
2013-11-25,1185.953564
2013-11-26,864.0059773
2013-11-27,657.3759533
2013-11-28,585.4653433
2013-11-29,454.162555
2013-11-30,372.0565717
2013-12-01,3467.856472
2013-12-02,3808.892542
2013-12-03,2913.00853
2013-12-04,1904.034986
2013-12-05,1761.113891
2013-12-06,1425.340458
2013-12-07,976.5950237
2013-12-08,837.6435555
2013-12-09,652.2676836
2013-12-10,594.5874335
2013-12-11,371.8865246
2013-12-12,315.8685636
2013-12-13,288.2070619
2013-12-14,213.8397366
2013-12-15,205.7166668
2013-12-16,164.6010825
2013-12-17,140.2584137
2013-12-18,119.3022756
2013-12-19,100.2113847
2013-12-20,97.48418066
2013-12-21,119.2934733
2013-12-22,88.49013796
2013-12-23,558.7963081
2013-12-24,285.4044166
2013-12-25,141.9572005
2013-12-26,113.8391223
2013-12-27,135.8346269
2013-12-28,122.4231319
2013-12-29,71.50774792
2013-12-30,59.7639462
2013-12-31,59.36722168
2014-01-01,51.47067811
2014-01-02,162.1702699
2014-01-03,986.329532
2014-01-04,293.7926445
2014-01-05,166.7366396
2014-01-06,139.2413881
2014-01-07,201.787389
2014-01-08,245.0037964
2014-01-09,386.8263729
2014-01-10,300.2192636
2014-01-11,8069.703297
2014-01-12,5092.967048
2014-01-13,4210.130948
2014-01-14,3487.550443
2014-01-15,2872.694079
2014-01-16,2370.45445
2014-01-17,1913.539538
2014-01-18,1978.260395
2014-01-19,1651.970605
2014-01-20,1564.169551
2014-01-21,1359.470497
2014-01-22,1124.440724
2014-01-23,904.6773493
2014-01-24,890.249649
2014-01-25,885.5404331
2014-01-26,1419.805677
2014-01-27,6922.408043
2014-01-28,5913.374459
2014-01-29,6370.8084
2014-01-30,5131.972509
2014-01-31,4647.639772
2014-02-01,4072.174116
2014-02-02,4056.082521
2014-02-03,2807.489413
2014-02-04,1918.582454
2014-02-05,1616.605644
2014-02-06,1307.084695
2014-02-07,1085.469271
2014-02-08,1078.670666
2014-02-09,1109.819921
2014-02-10,1639.059095
2014-02-11,1593.300604
2014-02-12,5950.586185
2014-02-13,3901.512366
2014-02-14,4354.193005
2014-02-15,4918.614616
2014-02-16,5562.700302
2014-02-17,3952.6497
2014-02-18,3402.132866
2014-02-19,2461.068332
2014-02-20,2517.201239
2014-02-21,2460.517987
2014-02-22,2074.198582
2014-02-23,1625.554864
2014-02-24,1254.82269
2014-02-25,1393.55081
2014-02-26,1316.960391
2014-02-27,1249.895391
2014-02-28,2235.890044
2014-03-01,2276.508655
2014-03-02,1510.114796
2014-03-03,2326.868181
2014-03-04,2752.927012
2014-03-05,6427.241168
2014-03-06,13819.7895
2014-03-07,11428.0492
2014-03-08,8351.333945
2014-03-09,11429.39893
2014-03-10,7563.89612
2014-03-11,5023.802606
2014-03-12,4044.8518
2014-03-13,3283.011378
2014-03-14,3322.69169
2014-03-15,2960.207498
2014-03-16,5302.559998
2014-03-17,3557.936672
2014-03-18,2903.752712
2014-03-19,2229.584799
2014-03-20,1474.255935
2014-03-21,1163.060147
2014-03-22,1001.201091
2014-03-23,960.5217907
2014-03-24,775.6863217
2014-03-25,803.6002092
2014-03-26,992.5797151
2014-03-27,630.6140438
2014-03-28,631.5569727
2014-03-29,1082.598983
2014-03-30,1226.770495
2014-03-31,863.0696597
2014-04-01,742.5188972
2014-04-02,595.2362912
2014-04-03,
2014-04-04,344.7721369
2014-04-05,315.5927849
2014-04-06,317.054411
2014-04-07,274.4817701
2014-04-08,321.186595
2014-04-09,380.2597995
2014-04-10,284.9002889
2014-04-11,198.3938376
2014-04-12,168.8892698
2014-04-13,158.8509702
2014-04-14,185.5760919
2014-04-15,161.6598922
2014-04-16,150.0509681
2014-04-17,363.4464872
2014-04-18,383.8880678
2014-04-19,287.5553701
2014-04-20,282.1661124
2014-04-21,231.002591
2014-04-22,214.5577764
2014-04-23,166.7312022
2014-04-24,435.2093009
2014-04-25,333.3802945
2014-04-26,233.1030752
2014-04-27,196.9614645
2014-04-28,144.1070035
2014-04-29,115.0853371
2014-04-30,126.1479556
2014-05-01,245.434834
2014-05-02,545.9350363
2014-05-03,736.3589871
2014-05-04,1246.893127
2014-05-05,1702.728887
2014-05-06,1105.565508
2014-05-07,896.803662
2014-05-08,698.877336
2014-05-09,919.4560297
2014-05-10,633.4774567
2014-05-11,480.7271959
2014-05-12,391.2467138
2014-05-13,353.6076301
2014-05-14,500.2904492
2014-05-15,987.1778669
2014-05-16,1311.252039
2014-05-17,997.8653218
2014-05-18,874.6932335
2014-05-19,643.4609905
2014-05-20,505.1042012
2014-05-21,400.1411236
2014-05-22,414.9646791
2014-05-23,829.4907864
2014-05-24,1775.987873
2014-05-25,1285.745473
2014-05-26,916.4600947
2014-05-27,657.5166695
2014-05-28,503.498465
2014-05-29,348.2993189
2014-05-30,268.1160359
2014-05-31,239.8833123
2014-06-01,221.2785727
2014-06-02,222.6277709
2014-06-03,211.9864683
2014-06-04,200.5772657
2014-06-05,128.6104921
2014-06-06,133.2165868
2014-06-07,109.3572485
2014-06-08,112.7021956
2014-06-09,116.062529
2014-06-10,87.00384655
2014-06-11,79.54476737
2014-06-12,67.09293873
2014-06-13,71.23598554
2014-06-14,67.69881396
2014-06-15,60.55286462
2014-06-16,53.83108153
2014-06-17,64.7246186
2014-06-18,60.6497324
2014-06-19,54.45451348
2014-06-20,60.74158907
2014-06-21,38.45710737
2014-06-22,38.88925873
2014-06-23,33.68413686
2014-06-24,32.97029255
2014-06-25,36.4979504
2014-06-26,28.5835473
2014-06-27,38.03208238
2014-06-28,46.51929413
2014-06-29,38.3396508
2014-06-30,33.05293745
2014-07-01,32.30195724
2014-07-02,41.79977196
2014-07-03,39.49807233
2014-07-04,28.58300788
2014-07-05,27.29370433
2014-07-06,28.52979675
2014-07-07,27.4583435
2014-07-08,24.78930606
2014-07-09,24.04949645
2014-07-10,20.23531709
2014-07-11,22.89247099
2014-07-12,28.05921944
2014-07-13,23.83585354
2014-07-14,24.45543344
2014-07-15,23.51619073
2014-07-16,26.63220242
2014-07-17,27.0045818
2014-07-18,27.83713181
2014-07-19,30.52929696
2014-07-20,34.96253071
2014-07-21,30.54717223
2014-07-22,29.55410659
2014-07-23,30.40491839
2014-07-24,32.55030155
2014-07-25,35.83428417
2014-07-26,45.24892611
2014-07-27,36.08315212
2014-07-28,33.20862246
2014-07-29,25.77894633
2014-07-30,25.11140484
2014-07-31,22.44583269
2014-08-01,22.14013494
2014-08-02,29.24802993
2014-08-03,29.46774799
2014-08-04,30.79398214
2014-08-05,42.08868015
2014-08-06,30.21534359
2014-08-07,22.94717288
2014-08-08,21.60230847
2014-08-09,18.80282592
2014-08-10,23.01114994
2014-08-11,23.43273906
2014-08-12,13.99129458
2014-08-13,57.2789489
2014-08-14,29.4706494
2014-08-15,24.983323
2014-08-16,20.5504178
2014-08-17,21.19750299
2014-08-18,18.32889579
2014-08-19,24.36621344
2014-08-20,15.54867284
2014-08-21,20.24577272
2014-08-22,19.36761645
2014-08-23,16.72500829
2014-08-24,9.694551629
2014-08-25,11.1115695
2014-08-26,41.76325989
2014-08-27,22.76977099
2014-08-28,12.15116041
2014-08-29,9.827101059
2014-08-30,10.31245464
2014-08-31,9.358531562
2014-09-01,9.752124419
2014-09-02,7.814061729
2014-09-03,7.214147739
2014-09-04,24.42338008
2014-09-05,16.53566958
2014-09-06,13.6486022
2014-09-07,18.42367529
2014-09-08,10.29915995
2014-09-09,8.169900076
2014-09-10,8.075241041
2014-09-11,7.373376994
2014-09-12,7.335161039
2014-09-13,9.556293033
2014-09-14,6.325112713
2014-09-15,7.107046311
2014-09-16,7.934047011
2014-09-17,7.958951358
2014-09-18,71.95526898
2014-09-19,38.41981321
2014-09-20,16.08753958
2014-09-21,9.759743437
2014-09-22,8.826150539
2014-09-23,16.49079002
2014-09-24,644.5257665
2014-09-25,151.4612742
2014-09-26,203.1969678
2014-09-27,164.5874718
2014-09-28,126.4131935
2014-09-29,144.2682873
2014-09-30,128.8072345
2014-10-01,90.03273041
2014-10-02,91.75511138
2014-10-03,88.63966458
2014-10-04,90.48139998
2014-10-05,68.3110306
2014-10-06,79.30436445
2014-10-07,69.81384751
2014-10-08,53.05690386
2014-10-09,48.90546203
2014-10-10,45.40730344
2014-10-11,52.73210174
2014-10-12,94.04696841
2014-10-13,120.552831
2014-10-14,1193.183366
2014-10-15,670.9785498
2014-10-16,749.2283306
2014-10-17,613.6094668
2014-10-18,983.5830202
2014-10-19,463.2146861
2014-10-20,931.4498415
2014-10-21,1090.139403
2014-10-22,7054.941615
2014-10-23,7881.577456
2014-10-24,4952.383952
2014-10-25,4941.518099
2014-10-26,6163.142142
2014-10-27,3427.24683
2014-10-28,2830.830473
2014-10-29,3490.166875
2014-10-30,2787.430461
2014-10-31,2638.839228
2014-11-01,1609.703858
2014-11-02,1305.55184
2014-11-03,1141.897351
2014-11-04,3444.903095
2014-11-05,1856.283757
2014-11-06,2377.21106
2014-11-07,1448.149834
2014-11-08,1289.041923
2014-11-09,1293.934924
2014-11-10,1088.415622
2014-11-11,908.339668
2014-11-12,633.6738895
2014-11-13,617.0134044
2014-11-14,448.2161994
2014-11-15,312.714251
2014-11-16,240.4060823
2014-11-17,241.6977212
2014-11-18,307.5163765
2014-11-19,224.4316864
2014-11-20,158.0651005
2014-11-21,681.8179181
2014-11-22,783.2590648
2014-11-23,762.2548451
2014-11-24,438.3957142
2014-11-25,1615.474642
2014-11-26,2746.470358
2014-11-27,3215.239992
2014-11-28,8294.893751
2014-11-29,5817.343568
2014-11-30,4652.950056
2014-12-01,3474.477255
2014-12-02,
2014-12-03,
2014-12-04,1780.397852
2014-12-05,1743.509572
2014-12-06,1687.562292
2014-12-07,1358.95543
2014-12-08,1771.430329
2014-12-09,10381.17059
2014-12-10,10159.32442
2014-12-11,7908.582067
2014-12-12,5317.888566
2014-12-13,3349.082828
2014-12-14,2496.054977
2014-12-15,2034.321666
2014-12-16,2026.424154
2014-12-17,1781.009347
2014-12-18,1533.826181
2014-12-19,1583.29468
2014-12-20,1864.045464
2014-12-21,4821.395227
2014-12-22,2386.111279
2014-12-23,2124.31219
2014-12-24,2536.289597
2014-12-25,1499.718042
2014-12-26,1025.468646
2014-12-27,778.480821
2014-12-28,588.1552877
2014-12-29,471.0711196
2014-12-30,356.4007277
2014-12-31,258.2850775
2015-01-01,192.3929501
2015-01-02,170.0663687
2015-01-03,171.6839662
2015-01-04,418.4899105
2015-01-05,4272.982769
2015-01-06,2121.141283
2015-01-07,1319.261833
2015-01-08,997.596139
2015-01-09,826.600747
2015-01-10,673.014552
2015-01-11,541.3343673
2015-01-12,422.380171
2015-01-13,329.6324516
2015-01-14,305.793909
2015-01-15,279.4795526
2015-01-16,473.7419857
2015-01-17,289.4662763
2015-01-18,1743.820286
2015-01-19,1038.650545
2015-01-20,754.6782528
2015-01-21,689.2793412
2015-01-22,537.4451484
2015-01-23,776.0424508
2015-01-24,1070.00865
2015-01-25,910.1608479
2015-01-26,709.6560433
2015-01-27,567.8430302
2015-01-28,498.2254513
2015-01-29,352.5519894
2015-01-30,273.3846151
2015-01-31,234.296539
2015-02-01,204.6619898
2015-02-02,154.6405739
2015-02-03,155.9898243
2015-02-04,174.8781555
2015-02-05,1378.724043
2015-02-06,6314.011441
2015-02-07,4140.103739
2015-02-08,3143.954136
2015-02-09,2130.156778
2015-02-10,1702.350016
2015-02-11,1235.466713
2015-02-12,1123.90765
2015-02-13,900.4589605
2015-02-14,800.9126442
2015-02-15,646.0502895
2015-02-16,480.5284959
2015-02-17,305.330855
2015-02-18,253.5647772
2015-02-19,207.9896009
2015-02-20,220.944942
2015-02-21,163.5554176
2015-02-22,135.4834984
2015-02-23,140.8786192
2015-02-24,132.241928
2015-02-25,99.56209705
2015-02-26,92.9031165
2015-02-27,110.7301779
2015-02-28,71.9457941
2015-03-01,58.62607252
2015-03-02,51.71088392
2015-03-03,48.73463759
2015-03-04,58.88112236
2015-03-05,61.1188714
2015-03-06,52.30895674
2015-03-07,42.24017045
2015-03-08,41.24968257
2015-03-09,52.35679083
2015-03-10,30.86973909
2015-03-11,32.26141739
2015-03-12,72.42885635
2015-03-13,42.55091525
2015-03-14,506.1433172
2015-03-15,400.0098181
2015-03-16,212.3686526
2015-03-17,102.6306949
2015-03-18,82.67188314
2015-03-19,69.83021673
2015-03-20,285.1255961
2015-03-21,834.8870281
2015-03-22,309.8522244
2015-03-23,178.8437606
2015-03-24,137.4974009
2015-03-25,124.8000161
2015-03-26,152.4817212
2015-03-27,104.0443772
2015-03-28,111.1046214
2015-03-29,69.25435334
2015-03-30,86.90115385
2015-03-31,67.66792725
2015-04-01,45.5418546
2015-04-02,35.04729107
2015-04-03,29.94268028
2015-04-04,25.78905802
2015-04-05,22.40747108
2015-04-06,22.13594734
2015-04-07,23.11135441
2015-04-08,18.8341201
2015-04-09,17.73051477
2015-04-10,18.1065432
2015-04-11,24.45875545
2015-04-12,17.91480682
2015-04-13,12.13353622
2015-04-14,12.04192468
2015-04-15,11.92654029
2015-04-16,13.93718662
2015-04-17,18.52578941
2015-04-18,17.26934843
2015-04-19,12.56572197
2015-04-20,11.73642881
2015-04-21,14.94165555
2015-04-22,9.309962147
2015-04-23,8.634109772
2015-04-24,13.83124493
2015-04-25,12.05857937
2015-04-26,12.57480242
2015-04-27,13.94450465
2015-04-28,24.67251481
2015-04-29,13.8184184
2015-04-30,17.43578682
2015-05-01,12.63579261
2015-05-02,14.40310443
2015-05-03,10.51531596
2015-05-04,11.18252482
2015-05-05,12.21958265
2015-05-06,15.28926083
2015-05-07,10.49527474
2015-05-08,12.20759041
2015-05-09,19.83705172
2015-05-10,19.31778224
2015-05-11,15.55596524
2015-05-12,13.93068663
2015-05-13,10.75262069
2015-05-14,8.591974496
2015-05-15,10.82823943
2015-05-16,10.01153315
2015-05-17,8.324594135
2015-05-18,7.857107446
2015-05-19,10.39554259
2015-05-20,8.773867627
2015-05-21,9.063304583
2015-05-22,10.39297286
2015-05-23,8.709384872
2015-05-24,8.527070194
2015-05-25,7.428228224
2015-05-26,8.282626274
2015-05-27,9.133237777
2015-05-28,10.79368869
2015-05-29,11.71815698
2015-05-30,10.85186175
2015-05-31,11.04925296
2015-06-01,10.11338564
2015-06-02,9.023716834
2015-06-03,7.487843098
2015-06-04,
2015-06-05,
2015-06-06,
2015-06-07,
2015-06-08,11.9683726
2015-06-09,10.26299902
2015-06-10,13.94966011
2015-06-11,13.14610573
2015-06-12,12.15253138
2015-06-13,13.73804215
2015-06-14,10.51830199
2015-06-15,8.578475026
2015-06-16,8.312147568
2015-06-17,6.101347606
2015-06-18,4.608457192
2015-06-19,4.275575584
2015-06-20,3.999162577
2015-06-21,4.377101414
2015-06-22,3.902596187
2015-06-23,4.467533636
2015-06-24,5.182874857
2015-06-25,4.567640262
2015-06-26,4.847705441
2015-06-27,4.214329649
2015-06-28,4.140475468
2015-06-29,3.59415672
2015-06-30,4.425856381
2015-07-01,4.608480916
2015-07-02,4.673704066
2015-07-03,4.01223135
2015-07-04,3.101393914
2015-07-05,3.327237845
2015-07-06,2.9266928
2015-07-07,2.967729384
2015-07-08,2.380440025
2015-07-09,2.197052756
2015-07-10,2.153881468
2015-07-11,1.952689194
2015-07-12,1.52518782
2015-07-13,4.058659557
2015-07-14,1.25875311
2015-07-15,1.29077224
2015-07-16,1.030250906
2015-07-17,0.971425923
2015-07-18,0.997523246
2015-07-19,1.160357489
2015-07-20,1.565046683
2015-07-21,1.44115267
2015-07-22,1.105206803
2015-07-23,0.812605902
2015-07-24,0.789840522
2015-07-25,1.254484395
2015-07-26,0.732660266
2015-07-27,0.551402063
2015-07-28,0.479668167
2015-07-29,0.614360917
2015-07-30,0.599650469
2015-07-31,0.803766043
2015-08-01,0.793200371
2015-08-02,0.685286323
2015-08-03,0.662564684
2015-08-04,0.829588453
2015-08-05,0.678223766
2015-08-06,0.494129456
2015-08-07,0.492636253
2015-08-08,0.590729953
2015-08-09,0.561213119
2015-08-10,0.59607201
2015-08-11,0.693300054
2015-08-12,0.674966665
2015-08-13,0.623701696
2015-08-14,0.851277051
2015-08-15,0.770371319
2015-08-16,0.525168022
2015-08-17,0.548867713
2015-08-18,0.618198248
2015-08-19,0.704537095
2015-08-20,0.974132894
2015-08-21,0.642320248
2015-08-22,0.529777615
2015-08-23,0.507807384
2015-08-24,0.515631346
2015-08-25,0.439435673
2015-08-26,0.456846032
2015-08-27,0.447203169
2015-08-28,1.526163606
2015-08-29,97.76593365
2015-08-30,1350.113998
2015-08-31,71.47047872
2015-09-01,134.0009953
2015-09-02,32.04461893
2015-09-03,16.63603902
2015-09-04,10.8049878
2015-09-05,7.466083513
2015-09-06,11.46802655
2015-09-07,9.446807303
2015-09-08,6.551646326
2015-09-09,5.400996143
2015-09-10,4.153100304
2015-09-11,3.808950117
2015-09-12,3.490778524
2015-09-13,3.177287449
2015-09-14,3.122246309
2015-09-15,2.568889765
2015-09-16,2.196754503
2015-09-17,1.989670289
2015-09-18,1.916686591
2015-09-19,2.381415796
2015-09-20,38.45670306
2015-09-21,164.3264635
2015-09-22,11.15872936
2015-09-23,4.079373514
2015-09-24,2.641082074
2015-09-25,3.709105268
2015-09-26,2.031700827
2015-09-27,1.322691416
2015-09-28,1.064733355
2015-09-29,0.677746916
2015-09-30,0.634262039
2015-10-01,0.472183387
2015-10-02,0.422504789
2015-10-03,0.366708596
2015-10-04,0.305638296
2015-10-05,0.252353193
2015-10-06,0.227466085
2015-10-07,2.232723706
2015-10-08,6.683418527
2015-10-09,1.518474713
2015-10-10,176.7004097
2015-10-11,1454.798108
2015-10-12,53.11715977
2015-10-13,34.84470613
2015-10-14,14.79344196
2015-10-15,9.116707922
2015-10-16,7.468284398
2015-10-17,6.297708834
2015-10-18,4.79133276
2015-10-19,5.254909811
2015-10-20,13.14360653
2015-10-21,3.520656508
2015-10-22,2.593714703
2015-10-23,1.829523934
2015-10-24,1.530795594
2015-10-25,1.444015528
2015-10-26,4.031081024
2015-10-27,2.832444796
2015-10-28,1.700109292
2015-10-29,7.634732573
2015-10-30,496.3329456
2015-10-31,4805.905643
2015-11-01,1430.979045
2015-11-02,732.0772066
2015-11-03,382.9907956
2015-11-04,352.7479162
2015-11-05,283.8530334
2015-11-06,235.1235773
2015-11-07,832.3063647
2015-11-08,501.6722825
2015-11-09,368.8933525
2015-11-10,246.5115547
2015-11-11,264.6566711
2015-11-12,354.7955696
2015-11-13,7164.687608
2015-11-14,3006.001265
2015-11-15,1596.842845
2015-11-16,1077.731362
2015-11-17,9938.174157
2015-11-18,7348.736602
2015-11-19,3199.429121
2015-11-20,2010.860641
2015-11-21,1389.01307
2015-11-22,1216.181773
2015-11-23,1042.095456
2015-11-24,799.7895946
2015-11-25,685.833812
2015-11-26,596.5339016
2015-11-27,637.5719086
2015-11-28,562.0048362
2015-11-29,460.8939258
2015-11-30,433.3417739
2015-12-01,399.7197128
2015-12-02,484.4968279
2015-12-03,3129.735821
2015-12-04,2440.795522
2015-12-05,2012.794391
2015-12-06,2305.08061
2015-12-07,2339.743433
2015-12-08,4925.51893
2015-12-09,5419.596474
2015-12-10,2780.171618
2015-12-11,2422.232478
2015-12-12,1395.088238
2015-12-13,1108.696807
2015-12-14,801.6852667
2015-12-15,629.4251444
2015-12-16,541.1347639
2015-12-17,482.1351761
2015-12-18,707.864038
2015-12-19,479.770306
2015-12-20,431.5431682
2015-12-21,392.4288762
2015-12-22,321.7764712
2015-12-23,335.9935393
2015-12-24,346.9604061
2015-12-25,283.562745
2015-12-26,219.5314586
2015-12-27,193.6792617
2015-12-28,164.118184
2015-12-29,158.3063733
2015-12-30,157.3949262
2015-12-31,166.8417169
2016-01-01,248.1655051
2016-01-02,285.1355087
2016-01-03,184.9148431
2016-01-04,163.2310081
2016-01-05,143.4997142
2016-01-06,125.3648957
2016-01-07,101.9024628
2016-01-08,82.94939453
2016-01-09,65.14343619
2016-01-10,44.83947163
2016-01-11,46.72500802
2016-01-12,126.3583761
2016-01-13,433.3967074
2016-01-14,273.3572085
2016-01-15,215.5196655
2016-01-16,284.527069
2016-01-17,298.0321404
2016-01-18,277.2431791
2016-01-19,182.4540028
2016-01-20,134.8193319
2016-01-21,1528.745496
2016-01-22,2444.730591
2016-01-23,1273.382737
2016-01-24,752.8938655
2016-01-25,457.5042179
2016-01-26,452.4792171
2016-01-27,524.7553289
2016-01-28,2950.241624
2016-01-29,1394.711062
2016-01-30,782.5989307
2016-01-31,495.6828392
2016-02-01,374.8474582
2016-02-02,322.8726731
2016-02-03,330.8989042
2016-02-04,312.896142
2016-02-05,283.5059442
2016-02-06,294.8454502
2016-02-07,207.0273343
2016-02-08,192.7442622
2016-02-09,184.2593653
2016-02-10,181.4984209
2016-02-11,186.1684464
2016-02-12,604.2615959
2016-02-13,408.1850386
2016-02-14,330.3514975
2016-02-15,844.765173
2016-02-16,1033.587756
2016-02-17,494.3457422
2016-02-18,348.6503081
2016-02-19,337.0336967
2016-02-20,292.8210553
2016-02-21,209.1621093
2016-02-22,143.8205304
2016-02-23,117.0025357
2016-02-24,92.78946435
2016-02-25,73.20227764
2016-02-26,58.15994497
2016-02-27,54.55797349
2016-02-28,60.85308193
2016-02-29,47.5532933
2016-03-01,160.7660265
2016-03-02,200.6450521
2016-03-03,212.437737
2016-03-04,164.7715321
2016-03-05,277.5338777
2016-03-06,259.8445163
2016-03-07,179.4331053
2016-03-08,115.9894908
2016-03-09,120.0730805
2016-03-10,704.3394824
2016-03-11,
2016-03-12,
2016-03-13,
2016-03-14,153.4871946
2016-03-15,93.73287118
2016-03-16,72.21153073
2016-03-17,52.40803226
2016-03-18,41.31141293
2016-03-19,33.88357854
2016-03-20,32.2785049
2016-03-21,55.65244007
2016-03-22,41.29326097
2016-03-23,31.00583821
2016-03-24,36.10973808
2016-03-25,24.495078
2016-03-26,22.08951016
2016-03-27,22.54184892
2016-03-28,20.3686371
2016-03-29,20.60549704
2016-03-30,17.30752221
2016-03-31,14.10158548
2016-04-01,16.52304112
2016-04-02,20.22586945
2016-04-03,18.62098931
2016-04-04,41.42062987
2016-04-05,23.63228816
2016-04-06,15.45409187
2016-04-07,13.37426731
2016-04-08,28.03427392
2016-04-09,41.03053266
2016-04-10,26.95831547
2016-04-11,19.9685844
2016-04-12,19.24008297
2016-04-13,16.14936802
2016-04-14,12.46041147
2016-04-15,11.7388418
2016-04-16,11.99805822
2016-04-17,10.81240749
2016-04-18,12.22627155
2016-04-19,23.3679494
2016-04-20,45.86087682
2016-04-21,75.10450951
2016-04-22,50.17702915
2016-04-23,33.62549458
2016-04-24,25.84520045
2016-04-25,17.93394154
2016-04-26,13.79629643
2016-04-27,11.38774256
2016-04-28,10.28915307
2016-04-29,8.949673853
2016-04-30,7.817803232
2016-05-01,7.599774986
2016-05-02,8.688714153
2016-05-03,15.24268448
2016-05-04,16.67166046
2016-05-05,11.9159598
2016-05-06,10.44468517
2016-05-07,11.40479208
2016-05-08,18.31019924
2016-05-09,12.15609413
2016-05-10,9.010280306
2016-05-11,8.067057676
2016-05-12,8.44093612
2016-05-13,8.001709405
2016-05-14,9.599839378
2016-05-15,11.46797208
2016-05-16,9.222202473
2016-05-17,9.64897511
2016-05-18,8.70649327
2016-05-19,8.160279878
2016-05-20,6.6399742
2016-05-21,6.386957261
2016-05-22,7.649437144
2016-05-23,15.04645145
2016-05-24,13.80637669
2016-05-25,10.73889769
2016-05-26,25.18502806
2016-05-27,17.09126068
2016-05-28,15.57998425
2016-05-29,39.88136955
2016-05-30,27.2166149
2016-05-31,34.8975374
2016-06-01,65.57707268
2016-06-02,26.36576983
2016-06-03,23.67111433
2016-06-04,18.85493801
2016-06-05,23.46779793
2016-06-06,31.61351884
2016-06-07,16.63969988
2016-06-08,12.13466128
2016-06-09,11.21680686
2016-06-10,16.65975318
2016-06-11,19.91565956
2016-06-12,23.76967748
2016-06-13,26.70018531
2016-06-14,27.93992833
2016-06-15,35.46656852
2016-06-16,41.55462602
2016-06-17,40.41680136
2016-06-18,34.46082157
2016-06-19,15.06470762
2016-06-20,19.30034635
2016-06-21,51.11728536
2016-06-22,16.51513086
2016-06-23,14.52070941
2016-06-24,14.49049696
2016-06-25,10.25430986
2016-06-26,9.685146426
2016-06-27,10.02786681
2016-06-28,11.11261674
2016-06-29,10.34273069
2016-06-30,9.150200058
2016-07-01,6.489400298
2016-07-02,6.755340094
2016-07-03,6.24494322
2016-07-04,5.05813374
2016-07-05,3.83059548
2016-07-06,3.281733649
2016-07-07,2.729236873
2016-07-08,3.659670592
2016-07-09,2.872814006
2016-07-10,2.188978892
2016-07-11,1.986422901
2016-07-12,1.748388705
2016-07-13,1.623645405
2016-07-14,1.472822376
2016-07-15,1.386419131
2016-07-16,1.295036083
2016-07-17,1.51682284
2016-07-18,1.307681662
2016-07-19,1.24695906
2016-07-20,1.239969741
2016-07-21,1.047323889
2016-07-22,9.388266858
2016-07-23,2.088227753
2016-07-24,1.344652569
2016-07-25,1.244987637
2016-07-26,1.704060622
2016-07-27,1.211251791
2016-07-28,1.023144783
2016-07-29,1.023347402
2016-07-30,1.161664548
2016-07-31,1.658367711
2016-08-01,3.397320026
2016-08-02,6.540184536
2016-08-03,6.770202648
2016-08-04,6.332101261
2016-08-05,5.126855404
2016-08-06,5.044161064
2016-08-07,7.09999199
2016-08-08,9.889326899
2016-08-09,7.970073443
2016-08-10,11.9193828
2016-08-11,5.768502469
2016-08-12,7.485855001
2016-08-13,4.270451579
2016-08-14,2.91246559
2016-08-15,1.983924839
2016-08-16,1.660833875
2016-08-17,1.704203271
2016-08-18,1.342840337
2016-08-19,1.710527181
2016-08-20,1.526947278
2016-08-21,1.530429289
2016-08-22,1.859966843
2016-08-23,2.420927491
2016-08-24,1.269051985
2016-08-25,1.149798523
2016-08-26,2.215116878
2016-08-27,48.53723643
2016-08-28,27.44058963
2016-08-29,12.11827473
2016-08-30,6.612580523
2016-08-31,2.714946666
2016-09-01,3.115480823
2016-09-02,3.626126789
2016-09-03,2.578901541
2016-09-04,1.641126386
2016-09-05,1.623586958
2016-09-06,2.050884449
2016-09-07,1.622881309
2016-09-08,1.512306849
2016-09-09,1.759821368
2016-09-10,2.477106964
2016-09-11,2.188501811
2016-09-12,1.792917748
2016-09-13,1.829601213
2016-09-14,1.632374702
2016-09-15,1.44181905
2016-09-16,3.80138496
2016-09-17,19.31334856
2016-09-18,24.73008507
2016-09-19,11.08763743
2016-09-20,7.056805325
2016-09-21,25.21638034
2016-09-22,18.93631315
2016-09-23,9.472530267
2016-09-24,10.14801528
2016-09-25,11.61838975
2016-09-26,6.99214802
2016-09-27,2.382666636
2016-09-28,2.497003944
2016-09-29,1.678201449
2016-09-30,1.239492981
