datetime,YEAR,MO,DY,WS2M,T2M
2011-01-01,2011,1,1,1.08,-4.27
2011-01-02,2011,1,2,0.94,-2.64
2011-01-03,2011,1,3,0.71,-1.52
2011-01-04,2011,1,4,0.54,-0.69
2011-01-05,2011,1,5,0.9,2.38
2011-01-06,2011,1,6,0.61,3.31
2011-01-07,2011,1,7,1.05,2.24
2011-01-08,2011,1,8,0.73,-0.58
2011-01-09,2011,1,9,0.77,-3.31
2011-01-10,2011,1,10,0.91,-3.22
2011-01-11,2011,1,11,0.97,-3.3
2011-01-12,2011,1,12,1.13,2.15
2011-01-13,2011,1,13,0.84,4.94
2011-01-14,2011,1,14,0.98,5.74
2011-01-15,2011,1,15,0.58,5.44
2011-01-16,2011,1,16,0.97,6.79
2011-01-17,2011,1,17,1.05,2.69
2011-01-18,2011,1,18,0.51,-0.07
2011-01-19,2011,1,19,0.39,0.45
2011-01-20,2011,1,20,0.74,1.6
2011-01-21,2011,1,21,0.8,3.77
2011-01-22,2011,1,22,0.49,2.73
2011-01-23,2011,1,23,0.5,2.71
2011-01-24,2011,1,24,0.44,3.88
2011-01-25,2011,1,25,0.35,3.66
2011-01-26,2011,1,26,0.56,4.32
2011-01-27,2011,1,27,0.72,5.29
2011-01-28,2011,1,28,0.56,4.09
2011-01-29,2011,1,29,0.44,3.59
2011-01-30,2011,1,30,0.74,0.04
2011-01-31,2011,1,31,0.7,0.18
2011-02-01,2011,2,1,0.78,0.49
2011-02-02,2011,2,2,0.61,2.63
2011-02-03,2011,2,3,0.78,4.23
2011-02-04,2011,2,4,0.89,5.22
2011-02-05,2011,2,5,0.6,2.22
2011-02-06,2011,2,6,0.76,3.71
2011-02-07,2011,2,7,1.09,1.55
2011-02-08,2011,2,8,0.66,-0.13
2011-02-09,2011,2,9,0.35,0.52
2011-02-10,2011,2,10,0.64,1.37
2011-02-11,2011,2,11,0.66,2.29
2011-02-12,2011,2,12,1.03,3.81
2011-02-13,2011,2,13,0.58,2.35
2011-02-14,2011,2,14,0.93,3.09
2011-02-15,2011,2,15,0.81,1.2
2011-02-16,2011,2,16,0.86,-0.05
2011-02-17,2011,2,17,0.73,-1.66
2011-02-18,2011,2,18,0.73,-0.54
2011-02-19,2011,2,19,1.0,-4.0
2011-02-20,2011,2,20,0.61,-3.18
2011-02-21,2011,2,21,0.68,-0.81
2011-02-22,2011,2,22,0.98,-1.8
2011-02-23,2011,2,23,0.74,-3.73
2011-02-24,2011,2,24,1.06,-7.28
2011-02-25,2011,2,25,0.99,-9.51
2011-02-26,2011,2,26,1.03,-4.78
2011-02-27,2011,2,27,1.08,0.73
2011-02-28,2011,2,28,0.83,-0.67
2011-03-01,2011,3,1,0.69,-0.03
2011-03-02,2011,3,2,1.29,2.27
2011-03-03,2011,3,3,0.86,1.0
2011-03-04,2011,3,4,0.98,0.01
2011-03-05,2011,3,5,0.72,1.4
2011-03-06,2011,3,6,0.38,-0.64
2011-03-07,2011,3,7,0.47,0.01
2011-03-08,2011,3,8,0.7,1.63
2011-03-09,2011,3,9,0.78,3.38
2011-03-10,2011,3,10,0.92,3.06
2011-03-11,2011,3,11,0.64,2.72
2011-03-12,2011,3,12,0.63,2.72
2011-03-13,2011,3,13,0.79,3.19
2011-03-14,2011,3,14,0.86,3.35
2011-03-15,2011,3,15,0.81,3.55
2011-03-16,2011,3,16,0.81,1.3
2011-03-17,2011,3,17,0.67,1.26
2011-03-18,2011,3,18,0.55,1.94
2011-03-19,2011,3,19,0.54,1.6
2011-03-20,2011,3,20,0.63,1.86
2011-03-21,2011,3,21,0.63,1.9
2011-03-22,2011,3,22,0.44,1.62
2011-03-23,2011,3,23,0.62,3.43
2011-03-24,2011,3,24,0.43,4.07
2011-03-25,2011,3,25,0.51,2.41
2011-03-26,2011,3,26,0.51,3.19
2011-03-27,2011,3,27,0.5,2.69
2011-03-28,2011,3,28,0.64,2.92
2011-03-29,2011,3,29,0.61,3.24
2011-03-30,2011,3,30,0.96,5.14
2011-03-31,2011,3,31,0.95,4.95
2011-04-01,2011,4,1,0.41,2.31
2011-04-02,2011,4,2,0.97,2.26
2011-04-03,2011,4,3,0.7,1.71
2011-04-04,2011,4,4,0.87,2.44
2011-04-05,2011,4,5,1.01,1.68
2011-04-06,2011,4,6,0.73,0.14
2011-04-07,2011,4,7,0.72,0.21
2011-04-08,2011,4,8,0.7,1.55
2011-04-09,2011,4,9,0.67,3.03
2011-04-10,2011,4,10,0.88,3.44
2011-04-11,2011,4,11,0.89,1.3
2011-04-12,2011,4,12,0.49,1.73
2011-04-13,2011,4,13,0.74,2.19
2011-04-14,2011,4,14,0.82,1.01
2011-04-15,2011,4,15,0.69,1.69
2011-04-16,2011,4,16,0.82,2.05
2011-04-17,2011,4,17,0.7,1.57
2011-04-18,2011,4,18,0.63,2.04
2011-04-19,2011,4,19,0.63,1.94
2011-04-20,2011,4,20,0.51,1.64
2011-04-21,2011,4,21,0.81,1.86
2011-04-22,2011,4,22,0.56,3.29
2011-04-23,2011,4,23,0.55,6.18
2011-04-24,2011,4,24,0.45,4.55
2011-04-25,2011,4,25,0.62,3.37
2011-04-26,2011,4,26,0.5,4.44
2011-04-27,2011,4,27,0.69,2.04
2011-04-28,2011,4,28,0.87,1.69
2011-04-29,2011,4,29,0.69,3.34
2011-04-30,2011,4,30,0.59,4.17
2011-05-01,2011,5,1,0.3,6.62
2011-05-02,2011,5,2,0.78,4.21
2011-05-03,2011,5,3,0.79,4.32
2011-05-04,2011,5,4,0.32,6.94
2011-05-05,2011,5,5,0.53,5.32
2011-05-06,2011,5,6,0.46,4.69
2011-05-07,2011,5,7,0.67,4.09
2011-05-08,2011,5,8,0.5,5.31
2011-05-09,2011,5,9,0.56,7.25
2011-05-10,2011,5,10,0.4,7.72
2011-05-11,2011,5,11,0.59,4.1
2011-05-12,2011,5,12,0.39,4.41
2011-05-13,2011,5,13,0.37,6.17
2011-05-14,2011,5,14,0.3,8.02
2011-05-15,2011,5,15,0.6,5.65
2011-05-16,2011,5,16,0.87,4.86
2011-05-17,2011,5,17,0.39,6.27
2011-05-18,2011,5,18,0.46,6.94
2011-05-19,2011,5,19,0.6,7.64
2011-05-20,2011,5,20,0.68,8.83
2011-05-21,2011,5,21,0.5,7.68
2011-05-22,2011,5,22,0.58,5.93
2011-05-23,2011,5,23,0.45,7.11
2011-05-24,2011,5,24,0.36,8.52
2011-05-25,2011,5,25,0.3,6.68
2011-05-26,2011,5,26,0.45,5.95
2011-05-27,2011,5,27,0.5,5.16
2011-05-28,2011,5,28,0.34,6.63
2011-05-29,2011,5,29,0.55,8.57
2011-05-30,2011,5,30,0.31,8.29
2011-05-31,2011,5,31,0.28,8.13
2011-06-01,2011,6,1,0.49,7.97
2011-06-02,2011,6,2,0.5,7.5
2011-06-03,2011,6,3,0.38,9.45
2011-06-04,2011,6,4,0.53,12.76
2011-06-05,2011,6,5,0.44,14.84
2011-06-06,2011,6,6,0.42,13.51
2011-06-07,2011,6,7,0.6,8.69
2011-06-08,2011,6,8,0.39,11.01
2011-06-09,2011,6,9,0.39,10.33
2011-06-10,2011,6,10,0.48,9.92
2011-06-11,2011,6,11,0.43,9.74
2011-06-12,2011,6,12,0.3,9.25
2011-06-13,2011,6,13,0.47,8.26
2011-06-14,2011,6,14,0.58,7.87
2011-06-15,2011,6,15,0.64,7.6
2011-06-16,2011,6,16,0.66,8.86
2011-06-17,2011,6,17,0.43,10.1
2011-06-18,2011,6,18,0.42,9.04
2011-06-19,2011,6,19,0.39,9.84
2011-06-20,2011,6,20,0.27,11.82
2011-06-21,2011,6,21,0.3,12.87
2011-06-22,2011,6,22,0.62,10.62
2011-06-23,2011,6,23,0.62,8.65
2011-06-24,2011,6,24,0.55,8.76
2011-06-25,2011,6,25,0.44,9.17
2011-06-26,2011,6,26,0.29,11.9
2011-06-27,2011,6,27,0.28,11.34
2011-06-28,2011,6,28,0.32,13.55
2011-06-29,2011,6,29,0.65,9.45
2011-06-30,2011,6,30,0.59,8.35
2011-07-01,2011,7,1,0.3,11.5
2011-07-02,2011,7,2,0.47,13.0
2011-07-03,2011,7,3,0.54,10.63
2011-07-04,2011,7,4,0.52,11.36
2011-07-05,2011,7,5,0.49,13.77
2011-07-06,2011,7,6,0.43,14.62
2011-07-07,2011,7,7,0.71,9.15
2011-07-08,2011,7,8,0.5,9.46
2011-07-09,2011,7,9,0.37,10.91
2011-07-10,2011,7,10,0.21,12.01
2011-07-11,2011,7,11,0.31,11.3
2011-07-12,2011,7,12,0.3,11.41
2011-07-13,2011,7,13,0.34,10.38
2011-07-14,2011,7,14,0.29,10.32
2011-07-15,2011,7,15,0.25,11.36
2011-07-16,2011,7,16,0.25,12.07
2011-07-17,2011,7,17,0.26,11.24
2011-07-18,2011,7,18,0.33,12.09
2011-07-19,2011,7,19,0.52,11.41
2011-07-20,2011,7,20,0.35,11.73
2011-07-21,2011,7,21,0.49,10.95
2011-07-22,2011,7,22,0.45,11.01
2011-07-23,2011,7,23,0.37,13.81
2011-07-24,2011,7,24,0.58,17.14
2011-07-25,2011,7,25,0.58,12.78
2011-07-26,2011,7,26,0.43,11.62
2011-07-27,2011,7,27,0.43,11.84
2011-07-28,2011,7,28,0.49,13.39
2011-07-29,2011,7,29,0.37,13.78
2011-07-30,2011,7,30,0.37,14.08
2011-07-31,2011,7,31,0.4,12.13
2011-08-01,2011,8,1,0.32,13.32
2011-08-02,2011,8,2,0.45,13.83
2011-08-03,2011,8,3,0.36,14.7
2011-08-04,2011,8,4,0.47,14.24
2011-08-05,2011,8,5,0.52,13.51
2011-08-06,2011,8,6,0.37,14.33
2011-08-07,2011,8,7,0.37,14.28
2011-08-08,2011,8,8,0.42,13.54
2011-08-09,2011,8,9,0.56,12.4
2011-08-10,2011,8,10,0.53,11.68
2011-08-11,2011,8,11,0.47,12.44
2011-08-12,2011,8,12,0.4,13.3
2011-08-13,2011,8,13,0.45,11.81
2011-08-14,2011,8,14,0.33,11.21
2011-08-15,2011,8,15,0.4,11.13
2011-08-16,2011,8,16,0.44,12.0
2011-08-17,2011,8,17,0.54,11.59
2011-08-18,2011,8,18,0.31,12.56
2011-08-19,2011,8,19,0.29,13.5
2011-08-20,2011,8,20,0.38,18.13
2011-08-21,2011,8,21,0.51,14.87
2011-08-22,2011,8,22,0.43,12.81
2011-08-23,2011,8,23,0.36,13.34
2011-08-24,2011,8,24,0.38,16.38
2011-08-25,2011,8,25,0.41,16.13
2011-08-26,2011,8,26,0.44,15.71
2011-08-27,2011,8,27,0.58,15.01
2011-08-28,2011,8,28,0.47,15.16
2011-08-29,2011,8,29,0.5,12.66
2011-08-30,2011,8,30,0.43,10.99
2011-08-31,2011,8,31,0.42,11.11
2011-09-01,2011,9,1,0.54,12.08
2011-09-02,2011,9,2,0.33,11.07
2011-09-03,2011,9,3,0.62,12.81
2011-09-04,2011,9,4,0.39,18.53
2011-09-05,2011,9,5,0.6,15.36
2011-09-06,2011,9,6,0.42,16.0
2011-09-07,2011,9,7,0.48,17.51
2011-09-08,2011,9,8,0.41,20.86
2011-09-09,2011,9,9,0.33,18.77
2011-09-10,2011,9,10,0.49,19.79
2011-09-11,2011,9,11,0.63,22.65
2011-09-12,2011,9,12,0.46,14.45
2011-09-13,2011,9,13,0.25,12.5
2011-09-14,2011,9,14,0.33,11.57
2011-09-15,2011,9,15,0.48,10.12
2011-09-16,2011,9,16,0.41,8.1
2011-09-17,2011,9,17,0.32,9.24
2011-09-18,2011,9,18,0.44,10.53
2011-09-19,2011,9,19,0.41,10.57
2011-09-20,2011,9,20,0.61,12.16
2011-09-21,2011,9,21,0.42,13.11
2011-09-22,2011,9,22,0.46,14.55
2011-09-23,2011,9,23,0.44,15.33
2011-09-24,2011,9,24,0.34,14.07
2011-09-25,2011,9,25,0.58,9.69
2011-09-26,2011,9,26,0.72,9.99
2011-09-27,2011,9,27,0.56,8.67
2011-09-28,2011,9,28,0.37,8.05
2011-09-29,2011,9,29,0.56,11.62
2011-09-30,2011,9,30,0.38,10.07
2011-10-01,2011,10,1,0.37,8.17
2011-10-02,2011,10,2,0.47,7.48
2011-10-03,2011,10,3,0.37,8.0
2011-10-04,2011,10,4,0.57,6.85
2011-10-05,2011,10,5,0.28,7.01
2011-10-06,2011,10,6,0.49,7.86
2011-10-07,2011,10,7,0.31,8.47
2011-10-08,2011,10,8,0.4,8.89
2011-10-09,2011,10,9,0.3,7.79
2011-10-10,2011,10,10,0.6,7.61
2011-10-11,2011,10,11,0.8,8.11
2011-10-12,2011,10,12,0.62,6.12
2011-10-13,2011,10,13,0.55,5.08
2011-10-14,2011,10,14,0.58,6.29
2011-10-15,2011,10,15,0.72,5.88
2011-10-16,2011,10,16,0.5,5.79
2011-10-17,2011,10,17,0.55,6.62
2011-10-18,2011,10,18,0.79,8.81
2011-10-19,2011,10,19,0.63,8.48
2011-10-20,2011,10,20,0.45,8.07
2011-10-21,2011,10,21,0.52,8.49
2011-10-22,2011,10,22,0.52,9.32
2011-10-23,2011,10,23,0.5,5.65
2011-10-24,2011,10,24,0.68,4.64
2011-10-25,2011,10,25,0.66,4.03
2011-10-26,2011,10,26,0.71,3.02
2011-10-27,2011,10,27,0.65,3.23
2011-10-28,2011,10,28,0.83,5.02
2011-10-29,2011,10,29,0.46,5.09
2011-10-30,2011,10,30,0.72,7.25
2011-10-31,2011,10,31,0.69,3.44
2011-11-01,2011,11,1,0.55,2.82
2011-11-02,2011,11,2,0.78,3.2
2011-11-03,2011,11,3,0.5,2.35
2011-11-04,2011,11,4,0.39,1.38
2011-11-05,2011,11,5,0.66,1.82
2011-11-06,2011,11,6,0.59,1.95
2011-11-07,2011,11,7,0.69,2.81
2011-11-08,2011,11,8,0.47,4.36
2011-11-09,2011,11,9,0.5,5.65
2011-11-10,2011,11,10,0.65,5.97
2011-11-11,2011,11,11,1.09,3.29
2011-11-12,2011,11,12,1.0,2.56
2011-11-13,2011,11,13,1.11,3.19
2011-11-14,2011,11,14,0.94,1.47
2011-11-15,2011,11,15,0.64,0.92
2011-11-16,2011,11,16,0.99,2.67
2011-11-17,2011,11,17,0.9,0.37
2011-11-18,2011,11,18,0.54,-0.99
2011-11-19,2011,11,19,0.94,-2.82
2011-11-20,2011,11,20,0.82,-2.66
2011-11-21,2011,11,21,1.26,2.85
2011-11-22,2011,11,22,0.79,3.46
2011-11-23,2011,11,23,0.68,1.54
2011-11-24,2011,11,24,1.1,1.85
2011-11-25,2011,11,25,0.78,1.09
2011-11-26,2011,11,26,0.87,4.34
2011-11-27,2011,11,27,1.05,4.52
2011-11-28,2011,11,28,0.4,1.62
2011-11-29,2011,11,29,0.65,1.67
2011-11-30,2011,11,30,0.66,1.5
2011-12-01,2011,12,1,0.82,1.29
2011-12-02,2011,12,2,0.57,0.79
2011-12-03,2011,12,3,0.39,1.29
2011-12-04,2011,12,4,0.64,0.8
2011-12-05,2011,12,5,0.57,0.86
2011-12-06,2011,12,6,0.4,1.59
2011-12-07,2011,12,7,0.41,1.24
2011-12-08,2011,12,8,0.71,-1.18
2011-12-09,2011,12,9,1.09,2.05
2011-12-10,2011,12,10,0.5,-0.1
2011-12-11,2011,12,11,0.48,-0.99
2011-12-12,2011,12,12,0.79,-2.25
2011-12-13,2011,12,13,0.46,-0.51
2011-12-14,2011,12,14,0.61,0.04
2011-12-15,2011,12,15,0.52,1.51
2011-12-16,2011,12,16,0.62,2.55
2011-12-17,2011,12,17,0.8,3.26
2011-12-18,2011,12,18,0.5,3.13
2011-12-19,2011,12,19,0.65,1.83
2011-12-20,2011,12,20,0.71,2.41
2011-12-21,2011,12,21,0.73,-0.66
2011-12-22,2011,12,22,0.9,-0.99
2011-12-23,2011,12,23,0.59,3.17
2011-12-24,2011,12,24,0.64,3.95
2011-12-25,2011,12,25,0.94,2.8
2011-12-26,2011,12,26,0.8,1.45
2011-12-27,2011,12,27,0.71,4.59
2011-12-28,2011,12,28,0.99,5.62
2011-12-29,2011,12,29,0.89,2.64
2011-12-30,2011,12,30,1.17,1.67
2011-12-31,2011,12,31,0.74,-0.44
2012-01-01,2012,1,1,0.89,2.76
2012-01-02,2012,1,2,0.66,3.71
2012-01-03,2012,1,3,0.63,4.65
2012-01-04,2012,1,4,0.9,5.88
2012-01-05,2012,1,5,1.03,1.87
2012-01-06,2012,1,6,0.6,0.24
2012-01-07,2012,1,7,0.61,1.97
2012-01-08,2012,1,8,0.63,3.4
2012-01-09,2012,1,9,0.78,3.0
2012-01-10,2012,1,10,0.71,-1.21
2012-01-11,2012,1,11,0.9,-1.71
2012-01-12,2012,1,12,0.72,2.62
2012-01-13,2012,1,13,0.63,0.77
2012-01-14,2012,1,14,0.92,-1.58
2012-01-15,2012,1,15,0.59,-4.49
2012-01-16,2012,1,16,0.84,-3.9
2012-01-17,2012,1,17,0.86,-4.57
2012-01-18,2012,1,18,1.06,-6.92
2012-01-19,2012,1,19,0.83,-3.59
2012-01-20,2012,1,20,0.92,1.51
2012-01-21,2012,1,21,1.13,1.76
2012-01-22,2012,1,22,1.11,1.93
2012-01-23,2012,1,23,0.78,1.67
2012-01-24,2012,1,24,1.4,2.85
2012-01-25,2012,1,25,1.03,2.31
2012-01-26,2012,1,26,1.07,0.16
2012-01-27,2012,1,27,0.87,-2.5
2012-01-28,2012,1,28,0.92,0.45
2012-01-29,2012,1,29,0.77,3.98
2012-01-30,2012,1,30,0.86,2.78
2012-01-31,2012,1,31,0.61,2.58
2012-02-01,2012,2,1,0.71,1.69
2012-02-02,2012,2,2,0.79,1.02
2012-02-03,2012,2,3,0.59,1.89
2012-02-04,2012,2,4,0.7,2.32
2012-02-05,2012,2,5,0.82,3.34
2012-02-06,2012,2,6,0.81,2.48
2012-02-07,2012,2,7,0.63,3.45
2012-02-08,2012,2,8,0.46,3.69
2012-02-09,2012,2,9,0.51,5.14
2012-02-10,2012,2,10,0.42,4.84
2012-02-11,2012,2,11,0.42,3.29
2012-02-12,2012,2,12,0.35,2.03
2012-02-13,2012,2,13,0.31,2.45
2012-02-14,2012,2,14,0.55,0.55
2012-02-15,2012,2,15,0.58,1.07
2012-02-16,2012,2,16,0.6,1.54
2012-02-17,2012,2,17,0.74,2.12
2012-02-18,2012,2,18,1.25,1.88
2012-02-19,2012,2,19,0.62,0.25
2012-02-20,2012,2,20,0.63,1.16
2012-02-21,2012,2,21,1.04,3.86
2012-02-22,2012,2,22,1.24,2.24
2012-02-23,2012,2,23,0.73,0.73
2012-02-24,2012,2,24,1.01,1.32
2012-02-25,2012,2,25,1.34,-0.71
2012-02-26,2012,2,26,0.71,-3.04
2012-02-27,2012,2,27,0.74,-4.27
2012-02-28,2012,2,28,0.99,-1.13
2012-02-29,2012,2,29,0.78,-0.59
2012-03-01,2012,3,1,0.72,-0.6
2012-03-02,2012,3,2,0.82,1.5
2012-03-03,2012,3,3,1.0,3.1
2012-03-04,2012,3,4,0.87,3.32
2012-03-05,2012,3,5,1.11,0.17
2012-03-06,2012,3,6,0.75,-2.91
2012-03-07,2012,3,7,0.71,-0.8
2012-03-08,2012,3,8,0.7,3.21
2012-03-09,2012,3,9,0.62,2.34
2012-03-10,2012,3,10,0.74,1.81
2012-03-11,2012,3,11,0.96,0.43
2012-03-12,2012,3,12,1.23,1.59
2012-03-13,2012,3,13,0.77,-1.91
2012-03-14,2012,3,14,1.01,0.86
2012-03-15,2012,3,15,0.98,3.06
2012-03-16,2012,3,16,0.8,1.96
2012-03-17,2012,3,17,0.74,0.45
2012-03-18,2012,3,18,0.69,-2.24
2012-03-19,2012,3,19,0.78,-1.36
2012-03-20,2012,3,20,1.18,0.34
2012-03-21,2012,3,21,0.63,-0.58
2012-03-22,2012,3,22,0.5,-0.58
2012-03-23,2012,3,23,0.64,0.47
2012-03-24,2012,3,24,0.81,1.26
2012-03-25,2012,3,25,0.68,3.77
2012-03-26,2012,3,26,0.49,3.19
2012-03-27,2012,3,27,0.5,3.5
2012-03-28,2012,3,28,0.73,3.0
2012-03-29,2012,3,29,0.62,2.68
2012-03-30,2012,3,30,0.67,1.58
2012-03-31,2012,3,31,0.68,1.16
2012-04-01,2012,4,1,0.77,2.39
2012-04-02,2012,4,2,0.8,3.82
2012-04-03,2012,4,3,0.73,2.35
2012-04-04,2012,4,4,0.38,1.67
2012-04-05,2012,4,5,0.59,1.89
2012-04-06,2012,4,6,0.49,1.79
2012-04-07,2012,4,7,0.63,3.24
2012-04-08,2012,4,8,0.65,6.02
2012-04-09,2012,4,9,0.41,8.81
2012-04-10,2012,4,10,0.45,6.88
2012-04-11,2012,4,11,0.46,4.66
2012-04-12,2012,4,12,0.42,4.51
2012-04-13,2012,4,13,0.51,5.06
2012-04-14,2012,4,14,0.75,5.37
2012-04-15,2012,4,15,0.37,6.16
2012-04-16,2012,4,16,0.8,4.23
2012-04-17,2012,4,17,0.49,2.55
2012-04-18,2012,4,18,0.56,4.04
2012-04-19,2012,4,19,0.51,3.63
2012-04-20,2012,4,20,0.46,5.31
2012-04-21,2012,4,21,0.51,7.43
2012-04-22,2012,4,22,0.51,11.45
2012-04-23,2012,4,23,0.42,11.13
2012-04-24,2012,4,24,0.44,6.61
2012-04-25,2012,4,25,0.39,6.33
2012-04-26,2012,4,26,0.65,4.53
2012-04-27,2012,4,27,0.51,3.93
2012-04-28,2012,4,28,0.32,5.86
2012-04-29,2012,4,29,0.38,6.36
2012-04-30,2012,4,30,1.06,4.25
2012-05-01,2012,5,1,0.77,3.08
2012-05-02,2012,5,2,0.35,3.77
2012-05-03,2012,5,3,0.59,3.88
2012-05-04,2012,5,4,0.85,3.73
2012-05-05,2012,5,5,0.52,5.17
2012-05-06,2012,5,6,0.29,8.47
2012-05-07,2012,5,7,0.5,10.27
2012-05-08,2012,5,8,0.88,6.23
2012-05-09,2012,5,9,0.87,3.19
2012-05-10,2012,5,10,0.57,3.96
2012-05-11,2012,5,11,0.43,7.32
2012-05-12,2012,5,12,0.49,13.13
2012-05-13,2012,5,13,0.51,13.89
2012-05-14,2012,5,14,0.56,16.15
2012-05-15,2012,5,15,0.58,12.07
2012-05-16,2012,5,16,0.55,8.7
2012-05-17,2012,5,17,0.63,7.38
2012-05-18,2012,5,18,0.64,5.64
2012-05-19,2012,5,19,0.25,8.58
2012-05-20,2012,5,20,0.3,7.54
2012-05-21,2012,5,21,0.52,7.98
2012-05-22,2012,5,22,0.4,6.3
2012-05-23,2012,5,23,0.7,6.1
2012-05-24,2012,5,24,0.33,6.82
2012-05-25,2012,5,25,0.39,10.54
2012-05-26,2012,5,26,0.47,12.21
2012-05-27,2012,5,27,0.47,8.46
2012-05-28,2012,5,28,0.62,7.26
2012-05-29,2012,5,29,0.44,6.87
2012-05-30,2012,5,30,0.24,8.8
2012-05-31,2012,5,31,0.25,10.42
2012-06-01,2012,6,1,0.5,9.45
2012-06-02,2012,6,2,0.63,7.69
2012-06-03,2012,6,3,0.5,6.88
2012-06-04,2012,6,4,0.36,6.59
2012-06-05,2012,6,5,0.89,6.04
2012-06-06,2012,6,6,0.45,6.87
2012-06-07,2012,6,7,0.58,6.96
2012-06-08,2012,6,8,0.34,6.15
2012-06-09,2012,6,9,0.79,7.25
2012-06-10,2012,6,10,0.49,8.47
2012-06-11,2012,6,11,0.35,11.58
2012-06-12,2012,6,12,0.41,10.01
2012-06-13,2012,6,13,0.83,8.32
2012-06-14,2012,6,14,0.54,8.09
2012-06-15,2012,6,15,0.25,10.97
2012-06-16,2012,6,16,0.47,12.2
2012-06-17,2012,6,17,0.65,9.17
2012-06-18,2012,6,18,0.59,8.19
2012-06-19,2012,6,19,0.28,9.61
2012-06-20,2012,6,20,0.24,11.87
2012-06-21,2012,6,21,0.37,12.24
2012-06-22,2012,6,22,0.31,10.0
2012-06-23,2012,6,23,0.3,9.36
2012-06-24,2012,6,24,0.33,9.06
2012-06-25,2012,6,25,0.33,9.67
2012-06-26,2012,6,26,0.52,9.13
2012-06-27,2012,6,27,0.36,10.75
2012-06-28,2012,6,28,0.28,10.59
2012-06-29,2012,6,29,0.3,12.01
2012-06-30,2012,6,30,0.31,11.78
2012-07-01,2012,7,1,0.51,10.54
2012-07-02,2012,7,2,0.32,9.46
2012-07-03,2012,7,3,0.69,8.27
2012-07-04,2012,7,4,0.33,10.44
2012-07-05,2012,7,5,0.34,12.84
2012-07-06,2012,7,6,0.47,14.07
2012-07-07,2012,7,7,0.41,15.82
2012-07-08,2012,7,8,0.56,17.63
2012-07-09,2012,7,9,0.63,15.81
2012-07-10,2012,7,10,0.52,14.88
2012-07-11,2012,7,11,0.41,16.13
2012-07-12,2012,7,12,0.49,17.22
2012-07-13,2012,7,13,0.35,16.68
2012-07-14,2012,7,14,0.36,17.75
2012-07-15,2012,7,15,0.27,13.05
2012-07-16,2012,7,16,0.26,16.31
2012-07-17,2012,7,17,0.42,17.43
2012-07-18,2012,7,18,0.28,14.64
2012-07-19,2012,7,19,0.25,15.95
2012-07-20,2012,7,20,0.35,12.53
2012-07-21,2012,7,21,0.3,12.45
2012-07-22,2012,7,22,0.41,10.58
2012-07-23,2012,7,23,0.51,10.26
2012-07-24,2012,7,24,0.29,13.41
2012-07-25,2012,7,25,0.27,16.52
2012-07-26,2012,7,26,0.5,16.59
2012-07-27,2012,7,27,0.42,12.97
2012-07-28,2012,7,28,0.37,13.55
2012-07-29,2012,7,29,0.48,13.73
2012-07-30,2012,7,30,0.42,12.55
2012-07-31,2012,7,31,0.38,12.83
2012-08-01,2012,8,1,0.62,12.93
2012-08-02,2012,8,2,0.36,12.79
2012-08-03,2012,8,3,0.37,15.69
2012-08-04,2012,8,4,0.59,21.04
2012-08-05,2012,8,5,0.41,23.06
2012-08-06,2012,8,6,0.32,18.09
2012-08-07,2012,8,7,0.34,15.92
2012-08-08,2012,8,8,0.3,13.08
2012-08-09,2012,8,9,0.33,13.51
2012-08-10,2012,8,10,0.41,14.38
2012-08-11,2012,8,11,0.28,16.47
2012-08-12,2012,8,12,0.31,17.4
2012-08-13,2012,8,13,0.51,17.98
2012-08-14,2012,8,14,0.34,16.26
2012-08-15,2012,8,15,0.49,16.77
2012-08-16,2012,8,16,0.61,23.25
2012-08-17,2012,8,17,0.34,21.83
2012-08-18,2012,8,18,0.44,17.33
2012-08-19,2012,8,19,0.35,14.13
2012-08-20,2012,8,20,0.4,14.06
2012-08-21,2012,8,21,0.45,12.58
2012-08-22,2012,8,22,0.4,11.7
2012-08-23,2012,8,23,0.46,9.69
2012-08-24,2012,8,24,0.35,11.47
2012-08-25,2012,8,25,0.46,13.49
2012-08-26,2012,8,26,0.44,12.38
2012-08-27,2012,8,27,0.33,10.45
2012-08-28,2012,8,28,0.37,10.41
2012-08-29,2012,8,29,0.33,11.06
2012-08-30,2012,8,30,0.44,10.85
2012-08-31,2012,8,31,0.43,10.59
2012-09-01,2012,9,1,0.59,10.07
2012-09-02,2012,9,2,0.39,11.24
2012-09-03,2012,9,3,0.29,12.34
2012-09-04,2012,9,4,0.28,14.12
2012-09-05,2012,9,5,0.3,15.52
2012-09-06,2012,9,6,0.59,14.64
2012-09-07,2012,9,7,0.8,18.53
2012-09-08,2012,9,8,0.5,16.51
2012-09-09,2012,9,9,0.47,10.66
2012-09-10,2012,9,10,0.72,7.81
2012-09-11,2012,9,11,0.35,8.46
2012-09-12,2012,9,12,0.57,9.21
2012-09-13,2012,9,13,0.6,15.03
2012-09-14,2012,9,14,0.4,17.46
2012-09-15,2012,9,15,0.46,14.33
2012-09-16,2012,9,16,0.46,14.06
2012-09-17,2012,9,17,0.61,16.65
2012-09-18,2012,9,18,0.42,18.55
2012-09-19,2012,9,19,0.38,16.41
2012-09-20,2012,9,20,0.51,15.4
2012-09-21,2012,9,21,0.34,11.27
2012-09-22,2012,9,22,0.43,9.61
2012-09-23,2012,9,23,0.35,10.8
2012-09-24,2012,9,24,0.34,11.3
2012-09-25,2012,9,25,0.32,10.31
2012-09-26,2012,9,26,0.28,10.66
2012-09-27,2012,9,27,0.34,13.46
2012-09-28,2012,9,28,0.52,13.44
2012-09-29,2012,9,29,0.48,8.34
2012-09-30,2012,9,30,0.35,10.35
2012-10-01,2012,10,1,0.53,11.18
2012-10-02,2012,10,2,0.61,6.64
2012-10-03,2012,10,3,0.58,6.05
2012-10-04,2012,10,4,0.68,7.08
2012-10-05,2012,10,5,0.73,7.96
2012-10-06,2012,10,6,0.79,9.44
2012-10-07,2012,10,7,0.7,15.4
2012-10-08,2012,10,8,0.39,13.07
2012-10-09,2012,10,9,0.32,10.92
2012-10-10,2012,10,10,0.59,8.76
2012-10-11,2012,10,11,0.48,7.84
2012-10-12,2012,10,12,0.45,7.82
2012-10-13,2012,10,13,0.5,10.72
2012-10-14,2012,10,14,0.64,10.85
2012-10-15,2012,10,15,0.67,9.14
2012-10-16,2012,10,16,0.93,6.02
2012-10-17,2012,10,17,0.42,5.69
2012-10-18,2012,10,18,0.53,7.24
2012-10-19,2012,10,19,0.88,6.7
2012-10-20,2012,10,20,0.8,2.7
2012-10-21,2012,10,21,0.56,2.43
2012-10-22,2012,10,22,0.73,2.61
2012-10-23,2012,10,23,0.48,3.39
2012-10-24,2012,10,24,0.56,3.06
2012-10-25,2012,10,25,0.53,3.38
2012-10-26,2012,10,26,0.61,4.53
2012-10-27,2012,10,27,0.52,7.24
2012-10-28,2012,10,28,0.52,6.56
2012-10-29,2012,10,29,0.58,8.87
2012-10-30,2012,10,30,0.3,9.49
2012-10-31,2012,10,31,0.32,8.34
2012-11-01,2012,11,1,0.26,8.41
2012-11-02,2012,11,2,0.38,7.47
2012-11-03,2012,11,3,0.36,8.49
2012-11-04,2012,11,4,0.54,9.8
2012-11-05,2012,11,5,0.46,6.19
2012-11-06,2012,11,6,0.74,5.9
2012-11-07,2012,11,7,0.65,3.44
2012-11-08,2012,11,8,0.7,1.97
2012-11-09,2012,11,9,0.73,0.01
2012-11-10,2012,11,10,0.7,-0.46
2012-11-11,2012,11,11,0.83,1.49
2012-11-12,2012,11,12,0.55,4.05
2012-11-13,2012,11,13,0.45,4.05
2012-11-14,2012,11,14,0.52,4.02
2012-11-15,2012,11,15,0.6,2.71
2012-11-16,2012,11,16,0.58,3.81
2012-11-17,2012,11,17,0.7,4.86
2012-11-18,2012,11,18,0.91,3.85
2012-11-19,2012,11,19,0.81,4.89
2012-11-20,2012,11,20,0.71,3.84
2012-11-21,2012,11,21,0.73,1.73
2012-11-22,2012,11,22,0.83,2.6
2012-11-23,2012,11,23,0.83,4.43
2012-11-24,2012,11,24,0.62,2.52
2012-11-25,2012,11,25,0.59,0.86
2012-11-26,2012,11,26,0.8,0.96
2012-11-27,2012,11,27,0.68,3.52
2012-11-28,2012,11,28,0.86,5.11
2012-11-29,2012,11,29,0.67,5.79
2012-11-30,2012,11,30,0.69,5.35
2012-12-01,2012,12,1,0.96,4.38
2012-12-02,2012,12,2,0.9,3.67
2012-12-03,2012,12,3,0.79,3.86
2012-12-04,2012,12,4,1.14,3.86
2012-12-05,2012,12,5,0.85,1.85
2012-12-06,2012,12,6,0.86,2.23
2012-12-07,2012,12,7,1.03,1.28
2012-12-08,2012,12,8,0.62,0.06
2012-12-09,2012,12,9,0.58,1.12
2012-12-10,2012,12,10,0.75,1.69
2012-12-11,2012,12,11,0.8,2.42
2012-12-12,2012,12,12,0.67,0.67
2012-12-13,2012,12,13,0.76,0.47
2012-12-14,2012,12,14,0.62,-0.76
2012-12-15,2012,12,15,1.05,1.37
2012-12-16,2012,12,16,0.91,1.82
2012-12-17,2012,12,17,1.21,1.43
2012-12-18,2012,12,18,0.77,-1.06
2012-12-19,2012,12,19,1.2,1.31
2012-12-20,2012,12,20,0.7,1.78
2012-12-21,2012,12,21,0.7,1.96
2012-12-22,2012,12,22,0.81,2.19
2012-12-23,2012,12,23,0.49,2.1
2012-12-24,2012,12,24,0.45,2.0
2012-12-25,2012,12,25,0.97,2.04
2012-12-26,2012,12,26,0.53,2.43
2012-12-27,2012,12,27,0.46,2.16
2012-12-28,2012,12,28,0.52,2.25
2012-12-29,2012,12,29,0.52,0.11
2012-12-30,2012,12,30,0.62,-1.11
2012-12-31,2012,12,31,0.64,-1.96
2013-01-01,2013,1,1,0.84,-1.8
2013-01-02,2013,1,2,0.97,-1.02
2013-01-03,2013,1,3,0.83,-1.44
2013-01-04,2013,1,4,0.54,2.83
2013-01-05,2013,1,5,0.7,2.39
2013-01-06,2013,1,6,0.8,2.29
2013-01-07,2013,1,7,1.05,3.15
2013-01-08,2013,1,8,0.94,2.93
2013-01-09,2013,1,9,0.91,1.76
2013-01-10,2013,1,10,0.52,0.37
2013-01-11,2013,1,11,0.7,-5.11
2013-01-12,2013,1,12,0.61,-4.92
2013-01-13,2013,1,13,0.48,-3.61
2013-01-14,2013,1,14,0.62,-2.15
2013-01-15,2013,1,15,0.49,0.69
2013-01-16,2013,1,16,0.99,1.66
2013-01-17,2013,1,17,1.16,3.56
2013-01-18,2013,1,18,0.88,3.05
2013-01-19,2013,1,19,0.87,6.56
2013-01-20,2013,1,20,0.93,6.71
2013-01-21,2013,1,21,0.91,3.22
2013-01-22,2013,1,22,0.99,1.93
2013-01-23,2013,1,23,0.62,2.12
2013-01-24,2013,1,24,0.7,1.71
2013-01-25,2013,1,25,0.52,2.73
2013-01-26,2013,1,26,0.63,1.92
2013-01-27,2013,1,27,0.77,1.72
2013-01-28,2013,1,28,1.03,1.88
2013-01-29,2013,1,29,0.93,3.04
2013-01-30,2013,1,30,0.64,3.42
2013-01-31,2013,1,31,0.66,3.2
2013-02-01,2013,2,1,0.47,2.8
2013-02-02,2013,2,2,0.76,3.25
2013-02-03,2013,2,3,0.53,2.54
2013-02-04,2013,2,4,0.5,2.79
2013-02-05,2013,2,5,0.91,2.86
2013-02-06,2013,2,6,0.78,2.64
2013-02-07,2013,2,7,0.65,1.92
2013-02-08,2013,2,8,0.56,-0.49
2013-02-09,2013,2,9,0.53,0.93
2013-02-10,2013,2,10,0.54,0.84
2013-02-11,2013,2,11,0.56,2.38
2013-02-12,2013,2,12,0.87,2.83
2013-02-13,2013,2,13,0.78,2.46
2013-02-14,2013,2,14,0.37,2.69
2013-02-15,2013,2,15,0.53,2.88
2013-02-16,2013,2,16,0.96,2.59
2013-02-17,2013,2,17,0.57,0.65
2013-02-18,2013,2,18,0.55,-0.11
2013-02-19,2013,2,19,0.62,0.64
2013-02-20,2013,2,20,0.71,-0.38
2013-02-21,2013,2,21,0.89,1.29
2013-02-22,2013,2,22,1.23,2.05
2013-02-23,2013,2,23,1.0,1.77
2013-02-24,2013,2,24,0.98,2.42
2013-02-25,2013,2,25,1.24,1.95
2013-02-26,2013,2,26,0.75,0.63
2013-02-27,2013,2,27,0.55,0.99
2013-02-28,2013,2,28,0.71,3.23
2013-03-01,2013,3,1,0.81,4.3
2013-03-02,2013,3,2,0.81,2.86
2013-03-03,2013,3,3,0.7,0.76
2013-03-04,2013,3,4,0.74,0.6
2013-03-05,2013,3,5,0.57,1.35
2013-03-06,2013,3,6,0.52,1.35
2013-03-07,2013,3,7,0.55,2.05
2013-03-08,2013,3,8,0.57,2.03
2013-03-09,2013,3,9,0.66,2.48
2013-03-10,2013,3,10,0.37,2.18
2013-03-11,2013,3,11,0.39,3.65
2013-03-12,2013,3,12,0.93,5.55
2013-03-13,2013,3,13,0.57,5.87
2013-03-14,2013,3,14,0.54,5.1
2013-03-15,2013,3,15,0.45,5.16
2013-03-16,2013,3,16,0.94,2.27
2013-03-17,2013,3,17,1.02,0.35
2013-03-18,2013,3,18,0.86,1.49
2013-03-19,2013,3,19,0.84,1.96
2013-03-20,2013,3,20,1.29,2.07
2013-03-21,2013,3,21,0.93,-0.5
2013-03-22,2013,3,22,0.54,-0.53
2013-03-23,2013,3,23,0.44,0.49
2013-03-24,2013,3,24,0.6,1.49
2013-03-25,2013,3,25,0.59,4.29
2013-03-26,2013,3,26,0.35,5.26
2013-03-27,2013,3,27,0.41,5.45
2013-03-28,2013,3,28,0.36,6.62
2013-03-29,2013,3,29,0.42,7.68
2013-03-30,2013,3,30,0.66,7.23
2013-03-31,2013,3,31,0.69,10.08
2013-04-01,2013,4,1,0.5,8.26
2013-04-02,2013,4,2,0.4,5.46
2013-04-03,2013,4,3,0.37,5.92
2013-04-04,2013,4,4,0.46,6.55
2013-04-05,2013,4,5,0.55,5.45
2013-04-06,2013,4,6,0.69,4.09
2013-04-07,2013,4,7,0.74,2.6
2013-04-08,2013,4,8,0.53,4.81
2013-04-09,2013,4,9,0.42,4.36
2013-04-10,2013,4,10,1.08,5.38
2013-04-11,2013,4,11,0.63,3.74
2013-04-12,2013,4,12,0.85,1.4
2013-04-13,2013,4,13,0.98,1.68
2013-04-14,2013,4,14,0.48,2.41
2013-04-15,2013,4,15,0.4,3.26
2013-04-16,2013,4,16,0.39,4.43
2013-04-17,2013,4,17,0.73,4.36
2013-04-18,2013,4,18,0.58,3.8
2013-04-19,2013,4,19,0.74,5.58
2013-04-20,2013,4,20,0.87,4.87
2013-04-21,2013,4,21,0.6,4.14
2013-04-22,2013,4,22,0.46,4.81
2013-04-23,2013,4,23,0.6,6.57
2013-04-24,2013,4,24,0.54,8.69
2013-04-25,2013,4,25,0.61,10.38
2013-04-26,2013,4,26,0.7,9.18
2013-04-27,2013,4,27,0.81,5.61
2013-04-28,2013,4,28,0.84,5.07
2013-04-29,2013,4,29,1.08,2.84
2013-04-30,2013,4,30,0.5,3.79
2013-05-01,2013,5,1,0.4,6.51
2013-05-02,2013,5,2,0.39,8.92
2013-05-03,2013,5,3,0.38,9.81
2013-05-04,2013,5,4,0.58,11.43
2013-05-05,2013,5,5,0.61,15.47
2013-05-06,2013,5,6,0.47,18.1
2013-05-07,2013,5,7,0.59,14.36
2013-05-08,2013,5,8,0.53,12.86
2013-05-09,2013,5,9,0.45,13.89
2013-05-10,2013,5,10,0.45,14.41
2013-05-11,2013,5,11,0.31,13.42
2013-05-12,2013,5,12,0.34,10.83
2013-05-13,2013,5,13,0.62,6.89
2013-05-14,2013,5,14,0.36,7.39
2013-05-15,2013,5,15,0.24,8.73
2013-05-16,2013,5,16,0.23,10.57
2013-05-17,2013,5,17,0.31,9.08
2013-05-18,2013,5,18,0.32,8.27
2013-05-19,2013,5,19,0.43,9.09
2013-05-20,2013,5,20,0.45,8.68
2013-05-21,2013,5,21,0.56,5.74
2013-05-22,2013,5,22,0.28,6.5
2013-05-23,2013,5,23,0.29,6.59
2013-05-24,2013,5,24,0.35,7.44
2013-05-25,2013,5,25,0.28,8.18
2013-05-26,2013,5,26,0.17,8.84
2013-05-27,2013,5,27,0.4,7.92
2013-05-28,2013,5,28,0.32,7.54
2013-05-29,2013,5,29,0.56,7.04
2013-05-30,2013,5,30,0.53,6.91
2013-05-31,2013,5,31,0.32,9.15
2013-06-01,2013,6,1,0.23,10.74
2013-06-02,2013,6,2,0.41,11.23
2013-06-03,2013,6,3,0.43,11.83
2013-06-04,2013,6,4,0.39,13.48
2013-06-05,2013,6,5,0.4,14.15
2013-06-06,2013,6,6,0.5,13.64
2013-06-07,2013,6,7,0.71,9.87
2013-06-08,2013,6,8,0.63,10.26
2013-06-09,2013,6,9,0.63,9.23
2013-06-10,2013,6,10,0.43,9.54
2013-06-11,2013,6,11,0.55,8.27
2013-06-12,2013,6,12,0.34,7.76
2013-06-13,2013,6,13,0.44,9.56
2013-06-14,2013,6,14,0.35,10.37
2013-06-15,2013,6,15,0.34,12.53
2013-06-16,2013,6,16,0.44,12.6
2013-06-17,2013,6,17,0.24,11.84
2013-06-18,2013,6,18,0.26,10.69
2013-06-19,2013,6,19,0.46,10.0
2013-06-20,2013,6,20,0.72,8.57
2013-06-21,2013,6,21,0.3,10.59
2013-06-22,2013,6,22,0.19,13.82
2013-06-23,2013,6,23,0.33,12.21
2013-06-24,2013,6,24,0.27,10.59
2013-06-25,2013,6,25,0.31,11.05
2013-06-26,2013,6,26,0.33,11.99
2013-06-27,2013,6,27,0.33,12.32
2013-06-28,2013,6,28,0.39,15.44
2013-06-29,2013,6,29,0.28,16.7
2013-06-30,2013,6,30,0.39,20.65
2013-07-01,2013,7,1,0.4,20.27
2013-07-02,2013,7,2,0.54,15.86
2013-07-03,2013,7,3,0.56,13.04
2013-07-04,2013,7,4,0.52,12.66
2013-07-05,2013,7,5,0.38,13.86
2013-07-06,2013,7,6,0.33,14.53
2013-07-07,2013,7,7,0.49,15.18
2013-07-08,2013,7,8,0.4,15.82
2013-07-09,2013,7,9,0.44,16.97
2013-07-10,2013,7,10,0.72,12.34
2013-07-11,2013,7,11,0.58,10.87
2013-07-12,2013,7,12,0.44,10.78
2013-07-13,2013,7,13,0.46,12.53
2013-07-14,2013,7,14,0.45,13.81
2013-07-15,2013,7,15,0.45,14.22
2013-07-16,2013,7,16,0.53,17.26
2013-07-17,2013,7,17,0.41,14.52
2013-07-18,2013,7,18,0.35,15.16
2013-07-19,2013,7,19,0.63,15.56
2013-07-20,2013,7,20,0.7,16.02
2013-07-21,2013,7,21,0.52,15.81
2013-07-22,2013,7,22,0.41,15.72
2013-07-23,2013,7,23,0.47,16.75
2013-07-24,2013,7,24,0.57,16.3
2013-07-25,2013,7,25,0.58,16.48
2013-07-26,2013,7,26,0.56,14.56
2013-07-27,2013,7,27,0.52,13.79
2013-07-28,2013,7,28,0.41,14.07
2013-07-29,2013,7,29,0.3,14.46
2013-07-30,2013,7,30,0.37,15.07
2013-07-31,2013,7,31,0.34,15.35
2013-08-01,2013,8,1,0.43,14.46
2013-08-02,2013,8,2,0.29,12.27
2013-08-03,2013,8,3,0.2,14.62
2013-08-04,2013,8,4,0.25,16.22
2013-08-05,2013,8,5,0.49,16.86
2013-08-06,2013,8,6,0.45,16.64
2013-08-07,2013,8,7,0.46,16.7
2013-08-08,2013,8,8,0.52,15.0
2013-08-09,2013,8,9,0.48,17.59
2013-08-10,2013,8,10,0.52,16.58
2013-08-11,2013,8,11,0.38,14.37
2013-08-12,2013,8,12,0.36,13.78
2013-08-13,2013,8,13,0.29,14.81
2013-08-14,2013,8,14,0.38,14.67
2013-08-15,2013,8,15,0.31,13.21
2013-08-16,2013,8,16,0.45,14.73
2013-08-17,2013,8,17,0.39,13.93
2013-08-18,2013,8,18,0.4,13.05
2013-08-19,2013,8,19,0.47,12.05
2013-08-20,2013,8,20,0.35,12.75
2013-08-21,2013,8,21,0.41,14.7
2013-08-22,2013,8,22,0.5,17.37
2013-08-23,2013,8,23,0.39,12.97
2013-08-24,2013,8,24,0.32,12.09
2013-08-25,2013,8,25,0.29,13.0
2013-08-26,2013,8,26,0.45,11.19
2013-08-27,2013,8,27,0.23,13.02
2013-08-28,2013,8,28,0.27,14.21
2013-08-29,2013,8,29,0.37,14.13
2013-08-30,2013,8,30,0.33,12.8
2013-08-31,2013,8,31,0.44,14.94
2013-09-01,2013,9,1,0.48,14.73
2013-09-02,2013,9,2,0.37,14.63
2013-09-03,2013,9,3,0.36,14.61
2013-09-04,2013,9,4,0.28,15.6
2013-09-05,2013,9,5,0.33,14.73
2013-09-06,2013,9,6,0.33,15.36
2013-09-07,2013,9,7,0.2,14.53
2013-09-08,2013,9,8,0.32,15.83
2013-09-09,2013,9,9,0.38,15.63
2013-09-10,2013,9,10,0.57,15.55
2013-09-11,2013,9,11,0.56,21.84
2013-09-12,2013,9,12,0.49,19.47
2013-09-13,2013,9,13,0.34,16.88
2013-09-14,2013,9,14,0.28,16.79
2013-09-15,2013,9,15,0.41,14.93
2013-09-16,2013,9,16,0.4,11.82
2013-09-17,2013,9,17,0.38,9.55
2013-09-18,2013,9,18,0.4,10.73
2013-09-19,2013,9,19,0.4,11.35
2013-09-20,2013,9,20,0.37,10.8
2013-09-21,2013,9,21,0.34,9.93
2013-09-22,2013,9,22,0.6,9.11
2013-09-23,2013,9,23,0.47,8.46
2013-09-24,2013,9,24,0.33,7.38
2013-09-25,2013,9,25,0.48,7.58
2013-09-26,2013,9,26,0.43,8.6
2013-09-27,2013,9,27,0.48,8.15
2013-09-28,2013,9,28,0.85,8.37
2013-09-29,2013,9,29,1.01,7.74
2013-09-30,2013,9,30,1.03,6.68
2013-10-01,2013,10,1,0.63,6.08
2013-10-02,2013,10,2,0.47,5.32
2013-10-03,2013,10,3,0.26,6.9
2013-10-04,2013,10,4,0.47,7.76
2013-10-05,2013,10,5,0.55,10.85
2013-10-06,2013,10,6,0.65,10.65
2013-10-07,2013,10,7,0.92,7.45
2013-10-08,2013,10,8,0.65,6.32
2013-10-09,2013,10,9,0.46,6.3
2013-10-10,2013,10,10,0.41,6.86
2013-10-11,2013,10,11,0.28,6.49
2013-10-12,2013,10,12,0.34,6.3
2013-10-13,2013,10,13,0.36,6.47
2013-10-14,2013,10,14,0.58,7.63
2013-10-15,2013,10,15,0.39,9.22
2013-10-16,2013,10,16,0.58,8.15
2013-10-17,2013,10,17,0.68,8.0
2013-10-18,2013,10,18,0.55,10.98
2013-10-19,2013,10,19,0.3,10.88
2013-10-20,2013,10,20,0.86,10.18
2013-10-21,2013,10,21,0.82,13.1
2013-10-22,2013,10,22,0.69,14.03
2013-10-23,2013,10,23,0.61,12.56
2013-10-24,2013,10,24,0.61,11.36
2013-10-25,2013,10,25,0.46,6.71
2013-10-26,2013,10,26,0.46,6.78
2013-10-27,2013,10,27,0.56,7.05
2013-10-28,2013,10,28,0.94,4.23
2013-10-29,2013,10,29,0.56,5.07
2013-10-30,2013,10,30,0.65,5.07
2013-10-31,2013,10,31,0.39,7.71
2013-11-01,2013,11,1,0.32,7.17
2013-11-02,2013,11,2,1.01,4.96
2013-11-03,2013,11,3,0.56,2.16
2013-11-04,2013,11,4,0.67,1.68
2013-11-05,2013,11,5,0.47,4.08
2013-11-06,2013,11,6,0.67,3.23
2013-11-07,2013,11,7,0.68,5.54
2013-11-08,2013,11,8,0.63,4.09
2013-11-09,2013,11,9,0.45,4.11
2013-11-10,2013,11,10,0.62,3.86
2013-11-11,2013,11,11,0.61,6.55
2013-11-12,2013,11,12,0.47,7.48
2013-11-13,2013,11,13,0.53,5.67
2013-11-14,2013,11,14,0.54,4.21
2013-11-15,2013,11,15,1.16,3.01
2013-11-16,2013,11,16,1.01,1.82
2013-11-17,2013,11,17,0.82,3.88
2013-11-18,2013,11,18,0.4,4.67
2013-11-19,2013,11,19,0.75,0.23
2013-11-20,2013,11,20,0.62,-2.0
2013-11-21,2013,11,21,0.81,-2.35
2013-11-22,2013,11,22,0.9,-0.32
2013-11-23,2013,11,23,1.01,6.53
2013-11-24,2013,11,24,0.72,5.5
2013-11-25,2013,11,25,0.52,3.48
2013-11-26,2013,11,26,0.54,3.97
2013-11-27,2013,11,27,0.77,5.64
2013-11-28,2013,11,28,0.69,5.02
2013-11-29,2013,11,29,0.66,4.29
2013-11-30,2013,11,30,0.58,5.25
2013-12-01,2013,12,1,1.11,4.52
2013-12-02,2013,12,2,0.84,-1.16
2013-12-03,2013,12,3,1.0,-4.63
2013-12-04,2013,12,4,0.9,-5.13
2013-12-05,2013,12,5,0.66,-4.36
2013-12-06,2013,12,6,1.2,-6.91
2013-12-07,2013,12,7,0.89,-8.96
2013-12-08,2013,12,8,0.49,-5.86
2013-12-09,2013,12,9,0.65,-3.86
2013-12-10,2013,12,10,0.63,-1.98
2013-12-11,2013,12,11,0.68,-0.91
2013-12-12,2013,12,12,0.71,1.01
2013-12-13,2013,12,13,0.62,2.44
2013-12-14,2013,12,14,0.69,3.47
2013-12-15,2013,12,15,0.59,4.41
2013-12-16,2013,12,16,0.55,2.61
2013-12-17,2013,12,17,0.75,2.15
2013-12-18,2013,12,18,0.75,0.18
2013-12-19,2013,12,19,0.62,-2.51
2013-12-20,2013,12,20,0.66,0.91
2013-12-21,2013,12,21,0.39,2.52
2013-12-22,2013,12,22,0.43,3.69
2013-12-23,2013,12,23,0.95,3.39
2013-12-24,2013,12,24,0.57,1.15
2013-12-25,2013,12,25,0.61,1.49
2013-12-26,2013,12,26,0.52,3.21
2013-12-27,2013,12,27,0.82,3.02
2013-12-28,2013,12,28,0.54,2.23
2013-12-29,2013,12,29,0.54,2.52
2013-12-30,2013,12,30,0.61,3.47
2013-12-31,2013,12,31,0.51,3.09
2014-01-01,2014,1,1,0.8,2.81
2014-01-02,2014,1,2,0.87,3.12
2014-01-03,2014,1,3,0.75,0.13
2014-01-04,2014,1,4,1.02,-1.01
2014-01-05,2014,1,5,1.28,-0.33
2014-01-06,2014,1,6,0.86,1.52
2014-01-07,2014,1,7,0.49,2.99
2014-01-08,2014,1,8,0.82,3.58
2014-01-09,2014,1,9,1.03,2.37
2014-01-10,2014,1,10,1.05,3.49
2014-01-11,2014,1,11,1.41,3.09
2014-01-12,2014,1,12,1.18,3.17
2014-01-13,2014,1,13,0.98,4.56
2014-01-14,2014,1,14,0.4,3.7
2014-01-15,2014,1,15,0.41,3.51
2014-01-16,2014,1,16,1.11,5.56
2014-01-17,2014,1,17,1.53,6.35
2014-01-18,2014,1,18,0.47,3.1
2014-01-19,2014,1,19,0.62,2.5
2014-01-20,2014,1,20,1.04,3.38
2014-01-21,2014,1,21,0.57,4.5
2014-01-22,2014,1,22,0.39,3.15
2014-01-23,2014,1,23,0.68,2.8
2014-01-24,2014,1,24,0.96,5.95
2014-01-25,2014,1,25,0.46,6.54
2014-01-26,2014,1,26,0.83,6.73
2014-01-27,2014,1,27,0.69,4.38
2014-01-28,2014,1,28,0.41,4.02
2014-01-29,2014,1,29,0.61,3.11
2014-01-30,2014,1,30,0.63,1.29
2014-01-31,2014,1,31,0.58,0.66
2014-02-01,2014,2,1,0.58,0.37
2014-02-02,2014,2,2,0.78,-0.83
2014-02-03,2014,2,3,0.97,-4.79
2014-02-04,2014,2,4,1.01,-5.16
2014-02-05,2014,2,5,1.18,-8.77
2014-02-06,2014,2,6,1.08,-9.39
2014-02-07,2014,2,7,0.84,-7.11
2014-02-08,2014,2,8,0.98,-5.12
2014-02-09,2014,2,9,0.66,-1.91
2014-02-10,2014,2,10,0.94,2.23
2014-02-11,2014,2,11,0.78,2.68
2014-02-12,2014,2,12,0.95,3.45
2014-02-13,2014,2,13,0.94,3.22
2014-02-14,2014,2,14,1.01,2.81
2014-02-15,2014,2,15,1.02,1.84
2014-02-16,2014,2,16,1.19,1.4
2014-02-17,2014,2,17,0.87,2.34
2014-02-18,2014,2,18,1.06,2.23
2014-02-19,2014,2,19,0.92,1.59
2014-02-20,2014,2,20,1.1,2.03
2014-02-21,2014,2,21,0.59,-1.1
2014-02-22,2014,2,22,0.57,-0.84
2014-02-23,2014,2,23,0.4,1.52
2014-02-24,2014,2,24,0.88,1.44
2014-02-25,2014,2,25,0.88,2.54
2014-02-26,2014,2,26,0.64,2.58
2014-02-27,2014,2,27,0.55,3.65
2014-02-28,2014,2,28,0.74,2.31
2014-03-01,2014,3,1,0.73,1.52
2014-03-02,2014,3,2,0.45,2.91
2014-03-03,2014,3,3,0.7,2.84
2014-03-04,2014,3,4,0.36,3.24
2014-03-05,2014,3,5,0.56,5.33
2014-03-06,2014,3,6,0.75,4.75
2014-03-07,2014,3,7,0.47,4.88
2014-03-08,2014,3,8,0.55,5.74
2014-03-09,2014,3,9,0.51,5.05
2014-03-10,2014,3,10,0.71,3.37
2014-03-11,2014,3,11,0.58,3.46
2014-03-12,2014,3,12,0.66,4.87
2014-03-13,2014,3,13,0.38,3.94
2014-03-14,2014,3,14,0.85,4.64
2014-03-15,2014,3,15,0.78,4.54
2014-03-16,2014,3,16,0.8,2.11
2014-03-17,2014,3,17,0.99,0.82
2014-03-18,2014,3,18,0.46,2.61
2014-03-19,2014,3,19,0.99,1.96
2014-03-20,2014,3,20,0.72,0.65
2014-03-21,2014,3,21,0.5,1.2
2014-03-22,2014,3,22,0.63,0.97
2014-03-23,2014,3,23,0.59,2.44
2014-03-24,2014,3,24,0.53,5.22
2014-03-25,2014,3,25,0.66,3.97
2014-03-26,2014,3,26,0.35,3.4
2014-03-27,2014,3,27,0.28,4.41
2014-03-28,2014,3,28,0.63,4.12
2014-03-29,2014,3,29,0.7,4.14
2014-03-30,2014,3,30,0.64,3.34
2014-03-31,2014,3,31,0.67,4.0
2014-04-01,2014,4,1,0.47,5.42
2014-04-02,2014,4,2,0.56,3.66
2014-04-03,2014,4,3,0.57,3.57
2014-04-04,2014,4,4,0.59,3.9
2014-04-05,2014,4,5,0.59,4.35
2014-04-06,2014,4,6,0.34,6.74
2014-04-07,2014,4,7,0.31,8.34
2014-04-08,2014,4,8,0.56,6.22
2014-04-09,2014,4,9,0.66,3.82
2014-04-10,2014,4,10,0.54,4.62
2014-04-11,2014,4,11,0.66,4.66
2014-04-12,2014,4,12,0.39,5.71
2014-04-13,2014,4,13,0.69,7.86
2014-04-14,2014,4,14,0.86,7.09
2014-04-15,2014,4,15,0.67,4.68
2014-04-16,2014,4,16,0.47,5.6
2014-04-17,2014,4,17,0.74,4.64
2014-04-18,2014,4,18,0.63,4.88
2014-04-19,2014,4,19,0.77,4.39
2014-04-20,2014,4,20,0.41,4.4
2014-04-21,2014,4,21,0.39,4.91
2014-04-22,2014,4,22,0.6,3.84
2014-04-23,2014,4,23,0.56,4.55
2014-04-24,2014,4,24,0.85,5.09
2014-04-25,2014,4,25,0.42,4.63
2014-04-26,2014,4,26,0.56,3.57
2014-04-27,2014,4,27,0.85,3.11
2014-04-28,2014,4,28,0.43,4.94
2014-04-29,2014,4,29,0.43,9.32
2014-04-30,2014,4,30,0.55,12.51
2014-05-01,2014,5,1,0.47,13.76
2014-05-02,2014,5,2,0.47,9.49
2014-05-03,2014,5,3,0.41,6.49
2014-05-04,2014,5,4,0.36,7.05
2014-05-05,2014,5,5,0.43,7.99
2014-05-06,2014,5,6,0.61,7.46
2014-05-07,2014,5,7,0.37,8.91
2014-05-08,2014,5,8,0.62,6.5
2014-05-09,2014,5,9,0.8,5.53
2014-05-10,2014,5,10,0.69,6.64
2014-05-11,2014,5,11,0.26,9.8
2014-05-12,2014,5,12,0.42,11.7
2014-05-13,2014,5,13,0.49,15.48
2014-05-14,2014,5,14,0.56,17.21
2014-05-15,2014,5,15,0.49,15.79
2014-05-16,2014,5,16,0.4,10.65
2014-05-17,2014,5,17,0.47,9.85
2014-05-18,2014,5,18,0.3,9.7
2014-05-19,2014,5,19,0.39,10.38
2014-05-20,2014,5,20,0.58,10.47
2014-05-21,2014,5,21,0.59,10.13
2014-05-22,2014,5,22,0.37,12.81
2014-05-23,2014,5,23,0.46,10.95
2014-05-24,2014,5,24,0.46,9.78
2014-05-25,2014,5,25,0.32,8.72
2014-05-26,2014,5,26,0.59,8.37
2014-05-27,2014,5,27,0.35,8.72
2014-05-28,2014,5,28,0.57,8.43
2014-05-29,2014,5,29,0.5,8.58
2014-05-30,2014,5,30,0.37,10.23
2014-05-31,2014,5,31,0.58,11.64
2014-06-01,2014,6,1,0.5,12.55
2014-06-02,2014,6,2,0.45,13.51
2014-06-03,2014,6,3,0.51,12.24
2014-06-04,2014,6,4,0.45,11.44
2014-06-05,2014,6,5,0.49,11.27
2014-06-06,2014,6,6,0.52,11.94
2014-06-07,2014,6,7,0.43,12.05
2014-06-08,2014,6,8,0.5,12.45
2014-06-09,2014,6,9,0.58,10.41
2014-06-10,2014,6,10,0.48,10.09
2014-06-11,2014,6,11,0.2,12.07
2014-06-12,2014,6,12,0.45,10.72
2014-06-13,2014,6,13,0.68,9.1
2014-06-14,2014,6,14,0.52,8.77
2014-06-15,2014,6,15,0.57,8.81
2014-06-16,2014,6,16,0.54,8.35
2014-06-17,2014,6,17,0.55,10.49
2014-06-18,2014,6,18,0.44,11.12
2014-06-19,2014,6,19,0.44,10.97
2014-06-20,2014,6,20,0.5,8.99
2014-06-21,2014,6,21,0.37,11.24
2014-06-22,2014,6,22,0.37,13.45
2014-06-23,2014,6,23,0.35,12.63
2014-06-24,2014,6,24,0.27,13.24
2014-06-25,2014,6,25,0.32,14.61
2014-06-26,2014,6,26,0.47,12.48
2014-06-27,2014,6,27,0.42,10.91
2014-06-28,2014,6,28,0.39,11.26
2014-06-29,2014,6,29,0.38,11.31
2014-06-30,2014,6,30,0.36,13.16
2014-07-01,2014,7,1,0.56,17.05
2014-07-02,2014,7,2,0.58,14.63
2014-07-03,2014,7,3,0.46,11.89
2014-07-04,2014,7,4,0.33,11.31
2014-07-05,2014,7,5,0.29,13.05
2014-07-06,2014,7,6,0.36,14.95
2014-07-07,2014,7,7,0.29,16.58
2014-07-08,2014,7,8,0.52,15.75
2014-07-09,2014,7,9,0.46,16.19
2014-07-10,2014,7,10,0.31,16.35
2014-07-11,2014,7,11,0.36,18.79
2014-07-12,2014,7,12,0.42,19.94
2014-07-13,2014,7,13,0.37,21.04
2014-07-14,2014,7,14,0.58,18.89
2014-07-15,2014,7,15,0.48,19.51
2014-07-16,2014,7,16,0.48,18.66
2014-07-17,2014,7,17,0.61,15.6
2014-07-18,2014,7,18,0.52,15.14
2014-07-19,2014,7,19,0.61,13.68
2014-07-20,2014,7,20,0.43,10.97
2014-07-21,2014,7,21,0.34,12.47
2014-07-22,2014,7,22,0.27,12.82
2014-07-23,2014,7,23,0.32,11.5
2014-07-24,2014,7,24,0.48,10.59
2014-07-25,2014,7,25,0.26,12.79
2014-07-26,2014,7,26,0.35,13.99
2014-07-27,2014,7,27,0.44,15.44
2014-07-28,2014,7,28,0.51,17.26
2014-07-29,2014,7,29,0.48,15.0
2014-07-30,2014,7,30,0.43,14.42
2014-07-31,2014,7,31,0.48,16.15
2014-08-01,2014,8,1,0.3,20.71
2014-08-02,2014,8,2,0.48,19.21
2014-08-03,2014,8,3,0.41,18.95
2014-08-04,2014,8,4,0.44,19.57
2014-08-05,2014,8,5,0.67,15.22
2014-08-06,2014,8,6,0.58,14.31
2014-08-07,2014,8,7,0.54,14.05
2014-08-08,2014,8,8,0.5,12.67
2014-08-09,2014,8,9,0.43,13.58
2014-08-10,2014,8,10,0.41,17.1
2014-08-11,2014,8,11,0.55,23.61
2014-08-12,2014,8,12,0.39,18.79
2014-08-13,2014,8,13,0.34,13.98
2014-08-14,2014,8,14,0.25,14.82
2014-08-15,2014,8,15,0.41,14.78
2014-08-16,2014,8,16,0.28,15.98
2014-08-17,2014,8,17,0.31,16.09
2014-08-18,2014,8,18,0.26,19.09
2014-08-19,2014,8,19,0.56,15.73
2014-08-20,2014,8,20,0.47,13.09
2014-08-21,2014,8,21,0.34,12.9
2014-08-22,2014,8,22,0.29,14.08
2014-08-23,2014,8,23,0.32,16.76
2014-08-24,2014,8,24,0.49,15.8
2014-08-25,2014,8,25,0.25,17.73
2014-08-26,2014,8,26,0.44,18.61
2014-08-27,2014,8,27,0.5,16.77
2014-08-28,2014,8,28,0.41,14.3
2014-08-29,2014,8,29,0.37,11.31
2014-08-30,2014,8,30,0.3,11.25
2014-08-31,2014,8,31,0.44,11.23
2014-09-01,2014,9,1,0.37,12.16
2014-09-02,2014,9,2,0.54,10.91
2014-09-03,2014,9,3,0.43,11.83
2014-09-04,2014,9,4,0.42,12.24
2014-09-05,2014,9,5,0.69,14.26
2014-09-06,2014,9,6,0.63,17.97
2014-09-07,2014,9,7,0.76,17.13
2014-09-08,2014,9,8,0.59,12.3
2014-09-09,2014,9,9,0.42,12.17
2014-09-10,2014,9,10,0.42,10.6
2014-09-11,2014,9,11,0.59,9.2
2014-09-12,2014,9,12,0.7,10.89
2014-09-13,2014,9,13,0.7,13.83
2014-09-14,2014,9,14,0.75,16.49
2014-09-15,2014,9,15,0.68,19.16
2014-09-16,2014,9,16,0.45,15.01
2014-09-17,2014,9,17,0.33,14.43
2014-09-18,2014,9,18,0.4,12.51
2014-09-19,2014,9,19,0.38,12.49
2014-09-20,2014,9,20,0.44,13.48
2014-09-21,2014,9,21,0.5,15.8
2014-09-22,2014,9,22,0.28,13.04
2014-09-23,2014,9,23,0.38,12.51
2014-09-24,2014,9,24,0.38,12.06
2014-09-25,2014,9,25,0.33,11.1
2014-09-26,2014,9,26,0.4,11.26
2014-09-27,2014,9,27,0.29,11.19
2014-09-28,2014,9,28,0.47,11.84
2014-09-29,2014,9,29,0.63,9.89
2014-09-30,2014,9,30,0.56,9.19
2014-10-01,2014,10,1,0.55,8.8
2014-10-02,2014,10,2,0.45,9.75
2014-10-03,2014,10,3,0.59,12.81
2014-10-04,2014,10,4,0.42,14.07
2014-10-05,2014,10,5,0.39,15.13
2014-10-06,2014,10,6,0.47,15.04
2014-10-07,2014,10,7,0.45,13.42
2014-10-08,2014,10,8,0.37,12.88
2014-10-09,2014,10,9,0.53,14.06
2014-10-10,2014,10,10,0.58,11.12
2014-10-11,2014,10,11,0.53,9.38
2014-10-12,2014,10,12,0.38,8.61
2014-10-13,2014,10,13,0.44,9.01
2014-10-14,2014,10,14,0.35,7.96
2014-10-15,2014,10,15,0.4,7.84
2014-10-16,2014,10,16,0.4,8.8
2014-10-17,2014,10,17,0.53,9.94
2014-10-18,2014,10,18,0.38,10.95
2014-10-19,2014,10,19,0.48,12.32
2014-10-20,2014,10,20,0.35,9.15
2014-10-21,2014,10,21,0.65,8.99
2014-10-22,2014,10,22,0.55,9.8
2014-10-23,2014,10,23,0.68,6.7
2014-10-24,2014,10,24,0.61,6.29
2014-10-25,2014,10,25,0.78,7.64
2014-10-26,2014,10,26,0.81,5.92
2014-10-27,2014,10,27,0.83,5.67
2014-10-28,2014,10,28,0.78,9.23
2014-10-29,2014,10,29,0.54,8.96
2014-10-30,2014,10,30,0.57,9.47
2014-10-31,2014,10,31,0.49,5.24
2014-11-01,2014,11,1,0.47,5.46
2014-11-02,2014,11,2,0.59,6.68
2014-11-03,2014,11,3,0.61,8.91
2014-11-04,2014,11,4,0.67,7.9
2014-11-05,2014,11,5,0.56,8.45
2014-11-06,2014,11,6,1.11,9.0
2014-11-07,2014,11,7,0.52,6.49
2014-11-08,2014,11,8,0.66,5.81
2014-11-09,2014,11,9,0.89,5.64
2014-11-10,2014,11,10,0.74,2.78
2014-11-11,2014,11,11,1.31,0.3
2014-11-12,2014,11,12,1.29,-2.3
2014-11-13,2014,11,13,1.08,-2.44
2014-11-14,2014,11,14,1.05,-2.77
2014-11-15,2014,11,15,0.99,-2.14
2014-11-16,2014,11,16,0.98,-0.61
2014-11-17,2014,11,17,1.12,4.0
2014-11-18,2014,11,18,0.68,5.19
2014-11-19,2014,11,19,1.0,5.6
2014-11-20,2014,11,20,0.55,4.81
2014-11-21,2014,11,21,0.9,5.21
2014-11-22,2014,11,22,0.84,3.96
2014-11-23,2014,11,23,1.04,4.32
2014-11-24,2014,11,24,0.7,4.31
2014-11-25,2014,11,25,0.53,7.36
2014-11-26,2014,11,26,0.67,9.2
2014-11-27,2014,11,27,0.89,8.89
2014-11-28,2014,11,28,0.9,2.18
2014-11-29,2014,11,29,0.93,-5.32
2014-11-30,2014,11,30,1.03,-5.88
2014-12-01,2014,12,1,0.55,-2.69
2014-12-02,2014,12,2,0.99,-2.58
2014-12-03,2014,12,3,0.94,0.01
2014-12-04,2014,12,4,0.72,3.05
2014-12-05,2014,12,5,0.59,5.19
2014-12-06,2014,12,6,0.43,5.24
2014-12-07,2014,12,7,0.67,5.84
2014-12-08,2014,12,8,0.82,7.75
2014-12-09,2014,12,9,0.91,9.25
2014-12-10,2014,12,10,0.88,8.77
2014-12-11,2014,12,11,0.79,5.78
2014-12-12,2014,12,12,0.78,4.53
2014-12-13,2014,12,13,0.59,2.48
2014-12-14,2014,12,14,0.89,2.05
2014-12-15,2014,12,15,0.82,2.36
2014-12-16,2014,12,16,0.66,3.04
2014-12-17,2014,12,17,0.4,2.83
2014-12-18,2014,12,18,0.7,3.66
2014-12-19,2014,12,19,0.81,3.87
2014-12-20,2014,12,20,1.12,5.42
2014-12-21,2014,12,21,1.05,5.39
2014-12-22,2014,12,22,0.68,3.22
2014-12-23,2014,12,23,0.76,4.19
2014-12-24,2014,12,24,0.76,2.05
2014-12-25,2014,12,25,0.61,1.45
2014-12-26,2014,12,26,0.56,1.44
2014-12-27,2014,12,27,0.94,2.88
2014-12-28,2014,12,28,0.59,0.69
2014-12-29,2014,12,29,1.15,-2.12
2014-12-30,2014,12,30,0.94,-4.39
2014-12-31,2014,12,31,0.86,-2.67
2015-01-01,2015,1,1,0.7,0.4
2015-01-02,2015,1,2,0.68,0.83
2015-01-03,2015,1,3,0.6,0.01
2015-01-04,2015,1,4,0.97,2.83
2015-01-05,2015,1,5,0.55,6.97
2015-01-06,2015,1,6,0.51,6.55
2015-01-07,2015,1,7,0.91,7.01
2015-01-08,2015,1,8,1.22,4.7
2015-01-09,2015,1,9,0.57,4.36
2015-01-10,2015,1,10,0.4,3.79
2015-01-11,2015,1,11,0.53,3.49
2015-01-12,2015,1,12,0.71,3.54
2015-01-13,2015,1,13,0.7,2.24
2015-01-14,2015,1,14,0.91,2.66
2015-01-15,2015,1,15,0.86,3.34
2015-01-16,2015,1,16,0.77,3.51
2015-01-17,2015,1,17,0.74,4.11
2015-01-18,2015,1,18,1.22,5.08
2015-01-19,2015,1,19,0.64,3.0
2015-01-20,2015,1,20,0.61,1.65
2015-01-21,2015,1,21,0.72,2.83
2015-01-22,2015,1,22,0.44,3.53
2015-01-23,2015,1,23,0.83,7.1
2015-01-24,2015,1,24,0.42,8.87
2015-01-25,2015,1,25,0.54,8.59
2015-01-26,2015,1,26,0.54,7.52
2015-01-27,2015,1,27,0.47,5.22
2015-01-28,2015,1,28,0.78,2.51
2015-01-29,2015,1,29,0.79,6.45
2015-01-30,2015,1,30,0.49,5.11
2015-01-31,2015,1,31,0.77,4.46
2015-02-01,2015,2,1,0.62,4.06
2015-02-02,2015,2,2,0.71,3.81
2015-02-03,2015,2,3,0.44,4.01
2015-02-04,2015,2,4,0.68,3.83
2015-02-05,2015,2,5,0.73,8.38
2015-02-06,2015,2,6,0.91,8.24
2015-02-07,2015,2,7,0.52,6.6
2015-02-08,2015,2,8,0.45,6.34
2015-02-09,2015,2,9,0.38,6.78
2015-02-10,2015,2,10,0.59,5.07
2015-02-11,2015,2,11,0.56,5.85
2015-02-12,2015,2,12,0.35,6.12
2015-02-13,2015,2,13,0.5,7.16
2015-02-14,2015,2,14,0.47,5.96
2015-02-15,2015,2,15,0.75,2.92
2015-02-16,2015,2,16,0.71,3.45
2015-02-17,2015,2,17,0.67,3.75
2015-02-18,2015,2,18,0.43,4.57
2015-02-19,2015,2,19,0.45,5.33
2015-02-20,2015,2,20,0.6,3.88
2015-02-21,2015,2,21,0.68,2.23
2015-02-22,2015,2,22,0.89,2.74
2015-02-23,2015,2,23,0.64,4.73
2015-02-24,2015,2,24,0.79,3.9
2015-02-25,2015,2,25,0.46,4.02
2015-02-26,2015,2,26,0.4,5.24
2015-02-27,2015,2,27,0.87,3.01
2015-02-28,2015,2,28,0.78,2.31
2015-03-01,2015,3,1,0.59,2.27
2015-03-02,2015,3,2,0.58,1.36
2015-03-03,2015,3,3,0.55,1.59
2015-03-04,2015,3,4,0.34,3.69
2015-03-05,2015,3,5,0.42,4.76
2015-03-06,2015,3,6,0.66,6.14
2015-03-07,2015,3,7,0.54,7.07
2015-03-08,2015,3,8,0.51,8.77
2015-03-09,2015,3,9,0.73,5.94
2015-03-10,2015,3,10,0.64,7.12
2015-03-11,2015,3,11,0.52,7.4
2015-03-12,2015,3,12,0.5,7.34
2015-03-13,2015,3,13,0.44,7.56
2015-03-14,2015,3,14,0.77,6.6
2015-03-15,2015,3,15,0.76,2.25
2015-03-16,2015,3,16,0.66,1.94
2015-03-17,2015,3,17,0.7,4.21
2015-03-18,2015,3,18,0.38,5.08
2015-03-19,2015,3,19,0.47,5.91
2015-03-20,2015,3,20,0.5,7.18
2015-03-21,2015,3,21,0.64,5.57
2015-03-22,2015,3,22,0.53,4.36
2015-03-23,2015,3,23,0.57,3.29
2015-03-24,2015,3,24,0.66,3.64
2015-03-25,2015,3,25,0.7,6.77
2015-03-26,2015,3,26,0.31,10.14
2015-03-27,2015,3,27,0.69,8.29
2015-03-28,2015,3,28,0.97,5.82
2015-03-29,2015,3,29,0.65,6.83
2015-03-30,2015,3,30,0.47,8.01
2015-03-31,2015,3,31,0.87,3.28
2015-04-01,2015,4,1,0.69,3.14
2015-04-02,2015,4,2,0.54,3.78
2015-04-03,2015,4,3,0.78,2.77
2015-04-04,2015,4,4,0.49,2.85
2015-04-05,2015,4,5,0.64,3.99
2015-04-06,2015,4,6,0.43,3.98
2015-04-07,2015,4,7,0.46,5.39
2015-04-08,2015,4,8,0.67,6.41
2015-04-09,2015,4,9,0.43,7.08
2015-04-10,2015,4,10,0.76,3.97
2015-04-11,2015,4,11,0.96,2.58
2015-04-12,2015,4,12,0.6,2.79
2015-04-13,2015,4,13,0.74,2.42
2015-04-14,2015,4,14,0.86,2.14
2015-04-15,2015,4,15,0.61,4.04
2015-04-16,2015,4,16,0.25,8.16
2015-04-17,2015,4,17,0.52,7.76
2015-04-18,2015,4,18,0.36,8.67
2015-04-19,2015,4,19,0.38,10.55
2015-04-20,2015,4,20,0.42,12.2
2015-04-21,2015,4,21,0.96,5.62
2015-04-22,2015,4,22,0.77,4.58
2015-04-23,2015,4,23,0.79,3.35
2015-04-24,2015,4,24,0.78,3.77
2015-04-25,2015,4,25,0.48,4.66
2015-04-26,2015,4,26,0.4,5.11
2015-04-27,2015,4,27,0.34,10.57
2015-04-28,2015,4,28,0.55,7.86
2015-04-29,2015,4,29,0.68,5.84
2015-04-30,2015,4,30,0.51,7.33
2015-05-01,2015,5,1,0.56,7.98
2015-05-02,2015,5,2,0.34,7.6
2015-05-03,2015,5,3,0.34,9.37
2015-05-04,2015,5,4,0.82,6.06
2015-05-05,2015,5,5,0.51,4.66
2015-05-06,2015,5,6,0.39,6.54
2015-05-07,2015,5,7,0.44,9.21
2015-05-08,2015,5,8,0.39,11.45
2015-05-09,2015,5,9,0.43,14.34
2015-05-10,2015,5,10,0.56,11.05
2015-05-11,2015,5,11,0.42,8.76
2015-05-12,2015,5,12,0.37,9.49
2015-05-13,2015,5,13,0.44,7.41
2015-05-14,2015,5,14,0.3,9.04
2015-05-15,2015,5,15,0.5,10.09
2015-05-16,2015,5,16,0.47,10.3
2015-05-17,2015,5,17,0.23,10.89
2015-05-18,2015,5,18,0.31,13.23
2015-05-19,2015,5,19,0.53,12.88
2015-05-20,2015,5,20,0.36,13.97
2015-05-21,2015,5,21,0.43,14.78
2015-05-22,2015,5,22,0.53,13.37
2015-05-23,2015,5,23,0.45,11.71
2015-05-24,2015,5,24,0.49,11.39
2015-05-25,2015,5,25,0.37,11.59
2015-05-26,2015,5,26,0.31,11.83
2015-05-27,2015,5,27,0.28,14.08
2015-05-28,2015,5,28,0.3,15.87
2015-05-29,2015,5,29,0.46,14.83
2015-05-30,2015,5,30,0.52,12.57
2015-05-31,2015,5,31,0.33,13.42
2015-06-01,2015,6,1,0.42,11.5
2015-06-02,2015,6,2,0.47,9.27
2015-06-03,2015,6,3,0.42,9.71
2015-06-04,2015,6,4,0.46,12.31
2015-06-05,2015,6,5,0.39,14.38
2015-06-06,2015,6,6,0.36,17.11
2015-06-07,2015,6,7,0.38,18.25
2015-06-08,2015,6,8,0.55,16.66
2015-06-09,2015,6,9,0.45,15.14
2015-06-10,2015,6,10,0.53,13.71
2015-06-11,2015,6,11,0.76,11.15
2015-06-12,2015,6,12,0.63,10.04
2015-06-13,2015,6,13,0.4,11.58
2015-06-14,2015,6,14,0.32,13.75
2015-06-15,2015,6,15,0.57,15.67
2015-06-16,2015,6,16,0.78,11.34
2015-06-17,2015,6,17,0.61,11.75
2015-06-18,2015,6,18,0.52,11.57
2015-06-19,2015,6,19,0.57,10.53
2015-06-20,2015,6,20,0.4,11.2
2015-06-21,2015,6,21,0.36,12.87
2015-06-22,2015,6,22,0.65,12.12
2015-06-23,2015,6,23,0.48,13.82
2015-06-24,2015,6,24,0.34,15.13
2015-06-25,2015,6,25,0.41,17.03
2015-06-26,2015,6,26,0.34,17.87
2015-06-27,2015,6,27,0.35,19.61
2015-06-28,2015,6,28,0.38,20.03
2015-06-29,2015,6,29,0.57,19.48
2015-06-30,2015,6,30,0.49,18.19
2015-07-01,2015,7,1,0.37,18.2
2015-07-02,2015,7,2,0.36,20.47
2015-07-03,2015,7,3,0.3,20.46
2015-07-04,2015,7,4,0.34,20.1
2015-07-05,2015,7,5,0.48,19.67
2015-07-06,2015,7,6,0.55,17.78
2015-07-07,2015,7,7,0.35,16.5
2015-07-08,2015,7,8,0.42,18.44
2015-07-09,2015,7,9,0.5,19.08
2015-07-10,2015,7,10,0.28,15.26
2015-07-11,2015,7,11,0.23,12.55
2015-07-12,2015,7,12,0.3,13.3
2015-07-13,2015,7,13,0.36,13.68
2015-07-14,2015,7,14,0.35,13.88
2015-07-15,2015,7,15,0.54,12.92
2015-07-16,2015,7,16,0.4,13.32
2015-07-17,2015,7,17,0.32,16.04
2015-07-18,2015,7,18,0.37,20.24
2015-07-19,2015,7,19,0.47,20.32
2015-07-20,2015,7,20,0.49,14.72
2015-07-21,2015,7,21,0.51,11.93
2015-07-22,2015,7,22,0.46,11.99
2015-07-23,2015,7,23,0.47,12.94
2015-07-24,2015,7,24,0.45,12.02
2015-07-25,2015,7,25,0.42,11.68
2015-07-26,2015,7,26,0.37,11.66
2015-07-27,2015,7,27,0.43,12.71
2015-07-28,2015,7,28,0.44,15.47
2015-07-29,2015,7,29,0.4,18.58
2015-07-30,2015,7,30,0.5,21.37
2015-07-31,2015,7,31,0.59,20.89
2015-08-01,2015,8,1,0.42,17.93
2015-08-02,2015,8,2,0.38,20.25
2015-08-03,2015,8,3,0.62,15.31
2015-08-04,2015,8,4,0.5,13.73
2015-08-05,2015,8,5,0.57,11.44
2015-08-06,2015,8,6,0.36,13.64
2015-08-07,2015,8,7,0.38,14.53
2015-08-08,2015,8,8,0.35,13.33
2015-08-09,2015,8,9,0.26,15.26
2015-08-10,2015,8,10,0.32,16.81
2015-08-11,2015,8,11,0.38,17.7
2015-08-12,2015,8,12,0.46,20.02
2015-08-13,2015,8,13,0.54,16.84
2015-08-14,2015,8,14,0.54,12.56
2015-08-15,2015,8,15,0.45,11.75
2015-08-16,2015,8,16,0.43,13.23
2015-08-17,2015,8,17,0.3,15.66
2015-08-18,2015,8,18,0.4,18.35
2015-08-19,2015,8,19,0.4,18.49
2015-08-20,2015,8,20,0.51,13.16
2015-08-21,2015,8,21,0.4,12.96
2015-08-22,2015,8,22,0.4,15.14
2015-08-23,2015,8,23,0.43,14.85
2015-08-24,2015,8,24,0.58,11.63
2015-08-25,2015,8,25,0.4,12.46
2015-08-26,2015,8,26,0.44,15.75
2015-08-27,2015,8,27,0.47,15.39
2015-08-28,2015,8,28,0.29,12.78
2015-08-29,2015,8,29,0.74,12.87
2015-08-30,2015,8,30,0.67,10.41
2015-08-31,2015,8,31,0.63,12.02
2015-09-01,2015,9,1,0.44,10.74
2015-09-02,2015,9,2,0.6,8.65
2015-09-03,2015,9,3,0.4,8.68
2015-09-04,2015,9,4,0.47,8.5
2015-09-05,2015,9,5,0.55,9.62
2015-09-06,2015,9,6,0.35,10.83
2015-09-07,2015,9,7,0.39,11.78
2015-09-08,2015,9,8,0.48,13.2
2015-09-09,2015,9,9,0.41,13.86
2015-09-10,2015,9,10,0.43,14.3
2015-09-11,2015,9,11,0.6,19.07
2015-09-12,2015,9,12,0.42,17.75
2015-09-13,2015,9,13,0.64,10.24
2015-09-14,2015,9,14,0.42,8.04
2015-09-15,2015,9,15,0.34,7.95
2015-09-16,2015,9,16,0.25,9.38
2015-09-17,2015,9,17,0.34,9.89
2015-09-18,2015,9,18,0.35,10.97
2015-09-19,2015,9,19,0.46,12.48
2015-09-20,2015,9,20,0.74,11.97
2015-09-21,2015,9,21,0.45,8.89
2015-09-22,2015,9,22,0.48,8.61
2015-09-23,2015,9,23,0.4,9.29
2015-09-24,2015,9,24,0.37,10.91
2015-09-25,2015,9,25,0.32,9.57
2015-09-26,2015,9,26,0.56,7.29
2015-09-27,2015,9,27,0.43,7.12
2015-09-28,2015,9,28,0.73,9.12
2015-09-29,2015,9,29,0.65,13.46
2015-09-30,2015,9,30,0.43,11.72
2015-10-01,2015,10,1,0.41,11.48
2015-10-02,2015,10,2,0.5,9.59
2015-10-03,2015,10,3,0.5,8.83
2015-10-04,2015,10,4,0.72,11.08
2015-10-05,2015,10,5,0.76,14.59
2015-10-06,2015,10,6,0.5,11.22
2015-10-07,2015,10,7,0.28,10.35
2015-10-08,2015,10,8,0.3,11.16
2015-10-09,2015,10,9,0.59,12.77
2015-10-10,2015,10,10,0.75,11.36
2015-10-11,2015,10,11,0.39,8.3
2015-10-12,2015,10,12,0.43,10.05
2015-10-13,2015,10,13,0.43,8.36
2015-10-14,2015,10,14,0.45,8.18
2015-10-15,2015,10,15,0.59,10.49
2015-10-16,2015,10,16,0.64,13.65
2015-10-17,2015,10,17,0.39,11.34
2015-10-18,2015,10,18,0.33,10.32
2015-10-19,2015,10,19,0.26,9.63
2015-10-20,2015,10,20,0.28,10.36
2015-10-21,2015,10,21,0.42,8.16
2015-10-22,2015,10,22,0.43,7.23
2015-10-23,2015,10,23,0.37,6.74
2015-10-24,2015,10,24,0.76,7.03
2015-10-25,2015,10,25,0.51,8.69
2015-10-26,2015,10,26,0.25,9.15
2015-10-27,2015,10,27,0.44,8.38
2015-10-28,2015,10,28,0.35,8.61
2015-10-29,2015,10,29,0.55,8.54
2015-10-30,2015,10,30,0.67,8.93
2015-10-31,2015,10,31,0.88,9.86
2015-11-01,2015,11,1,0.97,6.42
2015-11-02,2015,11,2,0.37,5.82
2015-11-03,2015,11,3,0.44,4.12
2015-11-04,2015,11,4,0.61,3.57
2015-11-05,2015,11,5,0.55,5.35
2015-11-06,2015,11,6,0.72,6.31
2015-11-07,2015,11,7,0.65,7.09
2015-11-08,2015,11,8,0.51,4.39
2015-11-09,2015,11,9,0.53,4.04
2015-11-10,2015,11,10,1.0,3.45
2015-11-11,2015,11,11,0.84,2.98
2015-11-12,2015,11,12,1.08,5.32
2015-11-13,2015,11,13,0.82,7.54
2015-11-14,2015,11,14,0.48,3.06
2015-11-15,2015,11,15,0.84,0.88
2015-11-16,2015,11,16,1.16,0.96
2015-11-17,2015,11,17,1.53,5.96
2015-11-18,2015,11,18,0.67,1.71
2015-11-19,2015,11,19,0.7,0.25
2015-11-20,2015,11,20,0.94,-1.03
2015-11-21,2015,11,21,1.08,1.03
2015-11-22,2015,11,22,0.95,3.69
2015-11-23,2015,11,23,0.47,1.63
2015-11-24,2015,11,24,0.97,-0.28
2015-11-25,2015,11,25,1.1,-2.09
2015-11-26,2015,11,26,1.1,0.47
2015-11-27,2015,11,27,1.21,1.02
2015-11-28,2015,11,28,0.97,2.01
2015-11-29,2015,11,29,0.64,1.89
2015-11-30,2015,11,30,0.83,0.72
2015-12-01,2015,12,1,0.8,2.85
2015-12-02,2015,12,2,0.73,4.26
2015-12-03,2015,12,3,0.74,5.4
2015-12-04,2015,12,4,0.7,4.04
2015-12-05,2015,12,5,1.06,3.37
2015-12-06,2015,12,6,0.91,4.7
2015-12-07,2015,12,7,0.5,4.76
2015-12-08,2015,12,8,0.91,6.41
2015-12-09,2015,12,9,1.1,4.73
2015-12-10,2015,12,10,1.13,3.74
2015-12-11,2015,12,11,0.7,2.71
2015-12-12,2015,12,12,1.21,2.49
2015-12-13,2015,12,13,1.32,2.49
2015-12-14,2015,12,14,0.63,-0.19
2015-12-15,2015,12,15,0.92,-0.25
2015-12-16,2015,12,16,0.84,-1.66
2015-12-17,2015,12,17,0.99,2.02
2015-12-18,2015,12,18,0.8,2.41
2015-12-19,2015,12,19,0.89,2.5
2015-12-20,2015,12,20,0.93,2.28
2015-12-21,2015,12,21,0.82,1.77
2015-12-22,2015,12,22,0.85,0.1
2015-12-23,2015,12,23,1.02,0.64
2015-12-24,2015,12,24,0.59,-0.16
2015-12-25,2015,12,25,0.6,-2.54
2015-12-26,2015,12,26,0.8,-1.91
2015-12-27,2015,12,27,0.74,-0.94
2015-12-28,2015,12,28,0.67,-1.12
2015-12-29,2015,12,29,0.98,-2.5
2015-12-30,2015,12,30,1.23,-5.86
2015-12-31,2015,12,31,1.13,-6.45
2016-01-01,2016,1,1,1.27,-5.32
2016-01-02,2016,1,2,1.16,-3.25
2016-01-03,2016,1,3,1.23,-5.93
2016-01-04,2016,1,4,1.01,-3.32
2016-01-05,2016,1,5,0.8,1.63
2016-01-06,2016,1,6,0.86,1.99
2016-01-07,2016,1,7,0.66,0.78
2016-01-08,2016,1,8,0.84,0.54
2016-01-09,2016,1,9,0.93,0.84
2016-01-10,2016,1,10,0.83,0.49
2016-01-11,2016,1,11,0.83,1.42
2016-01-12,2016,1,12,0.83,3.19
2016-01-13,2016,1,13,0.76,2.82
2016-01-14,2016,1,14,0.66,1.44
2016-01-15,2016,1,15,0.86,0.65
2016-01-16,2016,1,16,0.84,3.27
2016-01-17,2016,1,17,0.71,3.41
2016-01-18,2016,1,18,0.72,3.19
2016-01-19,2016,1,19,0.6,2.33
2016-01-20,2016,1,20,0.77,2.49
2016-01-21,2016,1,21,0.65,4.21
2016-01-22,2016,1,22,0.68,3.18
2016-01-23,2016,1,23,0.56,2.89
2016-01-24,2016,1,24,0.61,1.77
2016-01-25,2016,1,25,0.6,3.23
2016-01-26,2016,1,26,0.5,5.89
2016-01-27,2016,1,27,0.81,8.02
2016-01-28,2016,1,28,0.81,5.24
2016-01-29,2016,1,29,0.92,2.13
2016-01-30,2016,1,30,0.85,0.88
2016-01-31,2016,1,31,0.72,1.11
2016-02-01,2016,2,1,0.69,0.17
2016-02-02,2016,2,2,0.76,0.57
2016-02-03,2016,2,3,0.8,2.29
2016-02-04,2016,2,4,0.75,2.89
2016-02-05,2016,2,5,1.15,4.02
2016-02-06,2016,2,6,0.66,2.29
2016-02-07,2016,2,7,0.81,3.33
2016-02-08,2016,2,8,1.04,8.67
2016-02-09,2016,2,9,0.66,8.02
2016-02-10,2016,2,10,0.49,6.29
2016-02-11,2016,2,11,0.57,5.32
2016-02-12,2016,2,12,0.59,6.19
2016-02-13,2016,2,13,0.8,3.67
2016-02-14,2016,2,14,0.8,5.37
2016-02-15,2016,2,15,0.79,6.88
2016-02-16,2016,2,16,0.53,5.71
2016-02-17,2016,2,17,0.58,6.21
2016-02-18,2016,2,18,0.6,3.42
2016-02-19,2016,2,19,0.99,2.81
2016-02-20,2016,2,20,0.65,1.82
2016-02-21,2016,2,21,0.89,1.63
2016-02-22,2016,2,22,0.55,2.28
2016-02-23,2016,2,23,0.86,2.51
2016-02-24,2016,2,24,0.51,4.34
2016-02-25,2016,2,25,0.57,6.37
2016-02-26,2016,2,26,0.32,5.27
2016-02-27,2016,2,27,0.45,5.0
2016-02-28,2016,2,28,0.96,3.74
2016-02-29,2016,2,29,0.64,2.77
2016-03-01,2016,3,1,1.17,4.02
2016-03-02,2016,3,2,0.87,4.13
2016-03-03,2016,3,3,0.61,5.17
2016-03-04,2016,3,4,0.81,5.3
2016-03-05,2016,3,5,0.75,6.44
2016-03-06,2016,3,6,0.83,4.13
2016-03-07,2016,3,7,0.68,2.22
2016-03-08,2016,3,8,0.58,1.98
2016-03-09,2016,3,9,0.94,3.39
2016-03-10,2016,3,10,1.18,3.71
2016-03-11,2016,3,11,0.56,4.74
2016-03-12,2016,3,12,0.78,2.48
2016-03-13,2016,3,13,1.13,1.97
2016-03-14,2016,3,14,0.93,1.82
2016-03-15,2016,3,15,0.66,2.01
2016-03-16,2016,3,16,0.62,1.18
2016-03-17,2016,3,17,0.84,1.12
2016-03-18,2016,3,18,0.77,2.58
2016-03-19,2016,3,19,0.33,5.76
2016-03-20,2016,3,20,0.35,6.43
2016-03-21,2016,3,21,0.5,4.23
2016-03-22,2016,3,22,0.63,4.48
2016-03-23,2016,3,23,0.89,3.93
2016-03-24,2016,3,24,0.96,2.96
2016-03-25,2016,3,25,0.39,4.26
2016-03-26,2016,3,26,0.37,4.89
2016-03-27,2016,3,27,0.94,3.37
2016-03-28,2016,3,28,0.42,4.48
2016-03-29,2016,3,29,0.47,5.56
2016-03-30,2016,3,30,0.41,10.46
2016-03-31,2016,3,31,0.59,11.55
2016-04-01,2016,4,1,0.74,10.59
2016-04-02,2016,4,2,0.82,7.58
2016-04-03,2016,4,3,0.43,7.89
2016-04-04,2016,4,4,0.97,4.86
2016-04-05,2016,4,5,0.68,5.12
2016-04-06,2016,4,6,0.44,7.74
2016-04-07,2016,4,7,0.69,12.46
2016-04-08,2016,4,8,0.68,11.36
2016-04-09,2016,4,9,0.44,9.15
2016-04-10,2016,4,10,0.41,7.33
2016-04-11,2016,4,11,0.52,6.65
2016-04-12,2016,4,12,0.75,4.64
2016-04-13,2016,4,13,0.66,4.07
2016-04-14,2016,4,14,0.45,5.37
2016-04-15,2016,4,15,0.56,5.15
2016-04-16,2016,4,16,0.43,7.18
2016-04-17,2016,4,17,0.53,10.17
2016-04-18,2016,4,18,0.5,15.15
2016-04-19,2016,4,19,0.53,17.72
2016-04-20,2016,4,20,0.43,17.15
2016-04-21,2016,4,21,0.25,11.42
2016-04-22,2016,4,22,0.44,8.87
2016-04-23,2016,4,23,0.59,7.01
2016-04-24,2016,4,24,0.83,4.77
2016-04-25,2016,4,25,0.75,4.98
2016-04-26,2016,4,26,0.47,5.38
2016-04-27,2016,4,27,0.39,6.5
2016-04-28,2016,4,28,0.6,7.64
2016-04-29,2016,4,29,0.61,6.97
2016-04-30,2016,4,30,0.45,8.85
2016-05-01,2016,5,1,0.61,11.78
2016-05-02,2016,5,2,0.6,14.59
2016-05-03,2016,5,3,0.51,10.46
2016-05-04,2016,5,4,0.41,7.41
2016-05-05,2016,5,5,0.45,9.7
2016-05-06,2016,5,6,0.53,12.25
2016-05-07,2016,5,7,0.67,13.69
2016-05-08,2016,5,8,0.69,8.19
2016-05-09,2016,5,9,0.44,8.7
2016-05-10,2016,5,10,0.34,11.88
2016-05-11,2016,5,11,0.6,13.13
2016-05-12,2016,5,12,0.53,11.43
2016-05-13,2016,5,13,0.43,14.35
2016-05-14,2016,5,14,0.47,11.0
2016-05-15,2016,5,15,0.69,8.28
2016-05-16,2016,5,16,0.63,9.21
2016-05-17,2016,5,17,0.46,10.87
2016-05-18,2016,5,18,0.86,7.86
2016-05-19,2016,5,19,0.61,6.95
2016-05-20,2016,5,20,0.38,8.49
2016-05-21,2016,5,21,0.45,8.43
2016-05-22,2016,5,22,0.49,8.86
2016-05-23,2016,5,23,0.49,9.61
2016-05-24,2016,5,24,0.44,10.43
2016-05-25,2016,5,25,0.54,10.6
2016-05-26,2016,5,26,0.79,7.38
2016-05-27,2016,5,27,0.68,6.59
2016-05-28,2016,5,28,0.62,7.12
2016-05-29,2016,5,29,0.52,8.14
2016-05-30,2016,5,30,0.39,10.36
2016-05-31,2016,5,31,0.41,13.95
2016-06-01,2016,6,1,0.54,11.8
2016-06-02,2016,6,2,0.44,9.85
2016-06-03,2016,6,3,0.38,14.65
2016-06-04,2016,6,4,0.53,16.66
2016-06-05,2016,6,5,0.62,21.64
2016-06-06,2016,6,6,0.63,15.98
2016-06-07,2016,6,7,0.52,15.06
2016-06-08,2016,6,8,0.62,10.42
2016-06-09,2016,6,9,0.3,9.11
2016-06-10,2016,6,10,0.38,7.79
2016-06-11,2016,6,11,0.6,8.95
2016-06-12,2016,6,12,0.45,10.07
2016-06-13,2016,6,13,0.73,7.68
2016-06-14,2016,6,14,0.6,5.77
2016-06-15,2016,6,15,0.33,7.46
2016-06-16,2016,6,16,0.41,8.76
2016-06-17,2016,6,17,0.23,9.99
2016-06-18,2016,6,18,0.4,8.39
2016-06-19,2016,6,19,0.37,10.39
2016-06-20,2016,6,20,0.36,12.71
2016-06-21,2016,6,21,0.55,11.32
2016-06-22,2016,6,22,0.28,10.94
2016-06-23,2016,6,23,0.46,10.0
2016-06-24,2016,6,24,0.55,10.46
2016-06-25,2016,6,25,0.34,12.46
2016-06-26,2016,6,26,0.33,14.8
2016-06-27,2016,6,27,0.4,17.52
2016-06-28,2016,6,28,0.55,15.74
2016-06-29,2016,6,29,0.62,14.27
2016-06-30,2016,6,30,0.54,12.73
2016-07-01,2016,7,1,0.45,13.15
2016-07-02,2016,7,2,0.42,13.54
2016-07-03,2016,7,3,0.59,11.32
2016-07-04,2016,7,4,0.63,10.32
2016-07-05,2016,7,5,0.54,10.38
2016-07-06,2016,7,6,0.29,13.07
2016-07-07,2016,7,7,0.29,11.79
2016-07-08,2016,7,8,0.31,11.46
2016-07-09,2016,7,9,0.22,10.92
2016-07-10,2016,7,10,0.34,12.02
2016-07-11,2016,7,11,0.31,12.02
2016-07-12,2016,7,12,0.27,12.54
2016-07-13,2016,7,13,0.34,12.38
2016-07-14,2016,7,14,0.38,12.43
2016-07-15,2016,7,15,0.4,13.45
2016-07-16,2016,7,16,0.29,13.96
2016-07-17,2016,7,17,0.2,13.51
2016-07-18,2016,7,18,0.3,14.0
2016-07-19,2016,7,19,0.29,13.26
2016-07-20,2016,7,20,0.34,14.26
2016-07-21,2016,7,21,0.29,15.57
2016-07-22,2016,7,22,0.48,12.46
2016-07-23,2016,7,23,0.36,12.47
2016-07-24,2016,7,24,0.25,15.44
2016-07-25,2016,7,25,0.54,16.4
2016-07-26,2016,7,26,0.53,14.96
2016-07-27,2016,7,27,0.33,17.09
2016-07-28,2016,7,28,0.26,18.38
2016-07-29,2016,7,29,0.44,18.8
2016-07-30,2016,7,30,0.65,13.39
2016-07-31,2016,7,31,0.42,13.2
2016-08-01,2016,8,1,0.45,13.22
2016-08-02,2016,8,2,0.56,10.61
2016-08-03,2016,8,3,0.31,13.7
2016-08-04,2016,8,4,0.3,14.73
2016-08-05,2016,8,5,0.55,12.37
2016-08-06,2016,8,6,0.33,11.79
2016-08-07,2016,8,7,0.25,11.06
2016-08-08,2016,8,8,0.36,11.71
2016-08-09,2016,8,9,0.44,12.04
2016-08-10,2016,8,10,0.26,13.96
2016-08-11,2016,8,11,0.28,16.43
2016-08-12,2016,8,12,0.41,19.69
2016-08-13,2016,8,13,0.41,19.72
2016-08-14,2016,8,14,0.53,16.44
2016-08-15,2016,8,15,0.59,16.01
2016-08-16,2016,8,16,0.55,16.28
2016-08-17,2016,8,17,0.32,15.82
2016-08-18,2016,8,18,0.47,17.4
2016-08-19,2016,8,19,0.45,18.93
2016-08-20,2016,8,20,0.37,23.68
2016-08-21,2016,8,21,0.78,12.64
2016-08-22,2016,8,22,0.41,11.47
2016-08-23,2016,8,23,0.3,14.14
2016-08-24,2016,8,24,0.51,16.38
2016-08-25,2016,8,25,0.41,20.52
2016-08-26,2016,8,26,0.61,21.07
2016-08-27,2016,8,27,0.65,13.39
2016-08-28,2016,8,28,0.27,11.83
2016-08-29,2016,8,29,0.37,13.62
2016-08-30,2016,8,30,0.28,13.04
2016-08-31,2016,8,31,0.33,12.45
2016-09-01,2016,9,1,0.33,9.86
2016-09-02,2016,9,2,0.36,10.14
2016-09-03,2016,9,3,0.35,9.77
2016-09-04,2016,9,4,0.33,10.55
2016-09-05,2016,9,5,0.32,9.79
2016-09-06,2016,9,6,0.23,11.09
2016-09-07,2016,9,7,0.41,10.88
2016-09-08,2016,9,8,0.45,10.94
2016-09-09,2016,9,9,0.4,12.96
2016-09-10,2016,9,10,0.56,13.0
2016-09-11,2016,9,11,0.48,10.49
2016-09-12,2016,9,12,0.6,10.26
2016-09-13,2016,9,13,0.39,14.01
2016-09-14,2016,9,14,0.42,15.08
2016-09-15,2016,9,15,0.31,13.85
2016-09-16,2016,9,16,0.47,12.94
2016-09-17,2016,9,17,0.5,11.22
2016-09-18,2016,9,18,0.4,10.27
2016-09-19,2016,9,19,0.4,9.29
2016-09-20,2016,9,20,0.36,8.51
2016-09-21,2016,9,21,0.52,9.36
2016-09-22,2016,9,22,0.56,9.74
2016-09-23,2016,9,23,0.44,8.63
2016-09-24,2016,9,24,0.3,9.83
2016-09-25,2016,9,25,0.4,12.71
2016-09-26,2016,9,26,0.57,14.83
2016-09-27,2016,9,27,0.42,10.08
2016-09-28,2016,9,28,0.47,9.17
2016-09-29,2016,9,29,0.61,7.77
2016-09-30,2016,9,30,0.49,7.71
2016-10-01,2016,10,1,0.35,7.35
2016-10-02,2016,10,2,0.34,7.68
2016-10-03,2016,10,3,0.4,6.8
2016-10-04,2016,10,4,0.37,7.99
2016-10-05,2016,10,5,0.4,8.28
2016-10-06,2016,10,6,0.63,7.72
2016-10-07,2016,10,7,0.79,8.11
2016-10-08,2016,10,8,0.57,9.47
2016-10-09,2016,10,9,0.34,7.97
2016-10-10,2016,10,10,0.55,5.35
2016-10-11,2016,10,11,0.81,4.72
2016-10-12,2016,10,12,0.72,6.61
2016-10-13,2016,10,13,0.68,8.82
2016-10-14,2016,10,14,1.17,8.0
2016-10-15,2016,10,15,1.03,7.33
2016-10-16,2016,10,16,0.57,7.05
2016-10-17,2016,10,17,0.53,6.98
2016-10-18,2016,10,18,0.61,6.51
2016-10-19,2016,10,19,0.7,6.6
2016-10-20,2016,10,20,0.61,8.37
2016-10-21,2016,10,21,0.57,6.8
2016-10-22,2016,10,22,0.68,5.79
2016-10-23,2016,10,23,0.41,7.86
2016-10-24,2016,10,24,0.62,8.03
2016-10-25,2016,10,25,0.62,8.05
2016-10-26,2016,10,26,0.73,8.22
2016-10-27,2016,10,27,0.5,7.71
2016-10-28,2016,10,28,0.46,7.63
2016-10-29,2016,10,29,0.51,6.69
2016-10-30,2016,10,30,0.71,5.45
2016-10-31,2016,10,31,0.64,6.16
2016-11-01,2016,11,1,0.6,5.97
2016-11-02,2016,11,2,0.88,7.81
2016-11-03,2016,11,3,0.58,7.75
2016-11-04,2016,11,4,0.53,9.32
2016-11-05,2016,11,5,0.4,8.01
2016-11-06,2016,11,6,0.55,7.22
2016-11-07,2016,11,7,0.7,9.45
2016-11-08,2016,11,8,0.52,11.45
2016-11-09,2016,11,9,0.31,9.96
2016-11-10,2016,11,10,0.37,9.5
2016-11-11,2016,11,11,0.43,8.78
2016-11-12,2016,11,12,0.81,7.99
2016-11-13,2016,11,13,0.76,6.87
2016-11-14,2016,11,14,0.62,5.28
2016-11-15,2016,11,15,0.73,3.65
2016-11-16,2016,11,16,0.61,3.23
2016-11-17,2016,11,17,0.6,2.92
2016-11-18,2016,11,18,0.94,2.8
2016-11-19,2016,11,19,0.88,4.98
2016-11-20,2016,11,20,0.86,5.66
2016-11-21,2016,11,21,0.72,3.94
2016-11-22,2016,11,22,0.91,3.39
2016-11-23,2016,11,23,0.88,3.07
2016-11-24,2016,11,24,0.79,2.85
2016-11-25,2016,11,25,0.74,2.87
2016-11-26,2016,11,26,0.52,2.34
2016-11-27,2016,11,27,1.01,1.8
2016-11-28,2016,11,28,0.75,3.02
2016-11-29,2016,11,29,0.65,3.25
2016-11-30,2016,11,30,1.1,3.1
2016-12-01,2016,12,1,0.7,2.83
2016-12-02,2016,12,2,0.94,3.59
2016-12-03,2016,12,3,0.92,2.85
2016-12-04,2016,12,4,0.94,-0.31
2016-12-05,2016,12,5,0.63,-1.54
2016-12-06,2016,12,6,1.05,-4.95
2016-12-07,2016,12,7,1.32,-7.91
2016-12-08,2016,12,8,1.33,-5.39
2016-12-09,2016,12,9,0.79,-0.22
2016-12-10,2016,12,10,0.95,1.01
2016-12-11,2016,12,11,0.82,1.25
2016-12-12,2016,12,12,0.67,-0.81
2016-12-13,2016,12,13,1.14,-5.2
2016-12-14,2016,12,14,0.96,-5.75
2016-12-15,2016,12,15,1.1,-6.15
2016-12-16,2016,12,16,0.98,-8.73
2016-12-17,2016,12,17,0.76,-5.31
2016-12-18,2016,12,18,0.91,-2.37
2016-12-19,2016,12,19,1.08,1.64
2016-12-20,2016,12,20,1.28,2.59
2016-12-21,2016,12,21,0.57,-0.89
2016-12-22,2016,12,22,0.81,0.34
2016-12-23,2016,12,23,0.59,-0.94
2016-12-24,2016,12,24,0.77,-2.87
2016-12-25,2016,12,25,0.99,-4.36
2016-12-26,2016,12,26,1.14,-0.92
2016-12-27,2016,12,27,1.05,0.63
2016-12-28,2016,12,28,0.73,0.4
2016-12-29,2016,12,29,0.97,0.68
2016-12-30,2016,12,30,0.72,-2.13
2016-12-31,2016,12,31,1.07,-3.12
