date,WDIR,WSPD,GST,WVHT,DPD,APD,MWD,PRES,ATMP,WTMP,DEWP,VIS,TIDE,timestamp
2023-01-01,123.73706896551724,0.8161016949152542,1.1851694915254236,,,,,2876.445416666667,-17.86943231441048,-1.9,,,,2023-01-01 11:56:59.999999744
2023-01-02,99.94017094017094,6.438655462184874,8.402521008403362,,,,,2795.1129166666665,-15.764830508474576,-1.9131578947368422,,,,2023-01-02 11:56:59.999999744
2023-01-03,96.54273504273505,4.9825,6.2275,,,,,2843.173221757322,-13.969166666666666,-2.0,,,,2023-01-03 11:56:59.999999744
2023-01-04,73.35344827586206,8.406896551724138,9.49741379310345,,,,,2578.7145833333334,-12.58813559322034,-1.9265306122448977,,,,2023-01-04 11:56:59.999999744
2023-01-05,73.67083333333333,14.4825,16.70125,,,,,2767.1524999999997,-13.606751054852321,-1.9,,,,2023-01-05 11:56:59.999999744
2023-01-06,71.65,17.631666666666668,19.879166666666666,,,,,2805.7441666666664,-18.234583333333333,-1.923936170212766,,,,2023-01-06 11:56:59.999999744
2023-01-07,70.03813559322033,13.571186440677966,15.110593220338982,,,,,2807.5116666666668,-19.366244725738397,-1.8999999999999997,,,,2023-01-07 11:56:59.999999744
2023-01-08,63.246808510638296,8.738297872340425,9.627234042553193,,,,,2921.65625,-16.892083333333332,-1.9,,,,2023-01-08 11:56:59.999999744
2023-01-09,213.0632911392405,3.006751054852321,3.5966244725738394,,,,,2812.7029166666666,-17.741249999999997,-1.8999999999999997,,,,2023-01-09 11:56:59.999999744
2023-01-10,45.33613445378151,6.668487394957983,7.457563025210084,,,,,2890.89625,-23.21875,-1.9036458333333333,,,,2023-01-10 11:56:59.999999744
2023-01-11,71.175,18.282500000000002,20.748749999999998,,,,,2813.5950000000003,-23.295833333333334,-2.0,,,,2023-01-11 11:56:59.999999744
2023-01-12,74.2125,19.039166666666667,22.09916666666667,,,,,2812.7479166666667,-19.198333333333334,-2.0,,,,2023-01-12 11:56:59.999999744
2023-01-13,68.82008368200837,18.209205020920503,20.81757322175732,,,,,2807.899166666667,-16.107112970711295,-2.0,,,,2023-01-13 11:56:59.999999744
2023-01-14,52.59583333333333,11.175,12.433333333333334,,,,,2809.8158333333336,-20.310504201680672,-1.9208333333333334,,,,2023-01-14 11:56:59.999999744
2023-01-15,48.11864406779661,11.691949152542374,12.921610169491526,,,,,2891.9255230125523,-22.494560669456067,-1.9089005235602092,,,,2023-01-15 11:58:17.573221632
2023-01-16,36.329166666666666,10.729583333333332,11.790833333333333,,,,,2771.3283333333334,-24.16208333333333,-1.972020725388601,,,,2023-01-16 11:56:59.999999744
2023-01-17,60.0625,11.865833333333335,13.225416666666666,,,,,2803.7233333333334,-19.74958333333333,-1.9284210526315788,,,,2023-01-17 11:56:59.999999744
2023-01-18,66.18828451882845,4.825833333333334,5.5275,,,,,2799.6731914893617,-17.834453781512607,-1.9145077720207253,,,,2023-01-18 11:56:59.999999744
2023-01-19,50.0548523206751,7.254852320675106,7.939240506329114,,,,,2982.937288135593,-18.697890295358647,-1.9317708333333332,,,,2023-01-19 11:56:59.999999744
2023-01-20,73.38235294117646,4.92125,5.67125,,,,,2803.780416666667,-20.803749999999997,-1.8973958333333334,,,,2023-01-20 11:56:59.999999744
2023-01-21,153.37130801687763,2.278902953586498,2.7641350210970463,,,,,2884.01,-21.554430379746833,-1.9046874999999999,,,,2023-01-21 11:56:59.999999744
2023-01-22,263.54583333333335,6.365833333333333,8.535,,,,,2818.326666666667,-20.835416666666667,-1.9333333333333333,,,,2023-01-22 11:56:59.999999744
2023-01-23,164.69620253164558,4.657383966244725,5.736286919831223,,,,,2818.0179166666667,-24.533191489361702,-2.0,,,,2023-01-23 11:56:59.999999744
2023-01-24,48.75416666666667,9.86875,10.93625,,,,,2893.3316666666665,-22.194166666666668,-2.0,,,,2023-01-24 11:56:59.999999744
2023-01-25,46.075,9.66375,10.444583333333332,,,,,2896.2079166666667,-27.602631578947367,-2.0,,,,2023-01-25 11:56:59.999999744
2023-01-26,63.7625,12.714166666666667,14.287083333333333,,,,,2970.3333333333335,-28.54033613445378,-2.0,,,,2023-01-26 11:56:59.999999744
2023-01-27,92.63291139240506,7.465416666666667,8.470833333333333,,,,,2870.7991666666667,-27.87649572649573,-2.0,,,,2023-01-27 11:56:59.999999744
2023-01-28,94.96137339055794,7.145147679324895,8.278059071729958,,,,,2828.6287500000003,-25.46875,-2.0,,,,2023-01-28 11:56:59.999999744
2023-01-29,181.82083333333333,5.264583333333333,5.98375,,,,,2899.0950000000003,-18.192016806722688,-2.0,,,,2023-01-29 11:56:59.999999744
2023-01-30,82.10833333333333,10.58125,12.328750000000001,,,,,2823.3,-23.324050632911394,-2.0,,,,2023-01-30 11:56:59.999999744
2023-01-31,76.3125,15.999166666666667,18.214583333333334,,,,,2969.233333333333,-23.42700421940928,-2.0,,,,2023-01-31 11:56:59.999999744
2023-02-01,76.85714285714286,14.865126050420168,17.125210084033615,,,,,2817.8008333333332,-22.893277310924372,-2.0,,,,2023-02-01 11:56:59.999999744
2023-02-02,54.979166666666664,10.251666666666667,11.287083333333333,,,,,2813.4049999999997,-26.30666666666667,-2.0,,,,2023-02-02 11:56:59.999999744
2023-02-03,82.05150214592274,5.410504201680673,5.93655462184874,,,,,2886.4683333333332,-32.494468085106384,-2.0,,,,2023-02-03 11:56:59.999999744
2023-02-04,82.80672268907563,4.0134453781512605,4.434033613445378,,,,,2885.34125,-30.220416666666665,-2.0,,,,2023-02-04 11:56:59.999999744
2023-02-05,50.145833333333336,4.587083333333334,4.8116666666666665,,,,,2845.695416666667,-31.492735042735042,-2.0,,,,2023-02-05 11:56:59.999999744
2023-02-06,166.58823529411765,2.1432773109243697,2.400420168067227,,,,,2803.8708333333334,-30.144303797468353,-2.0,,,,2023-02-06 11:56:59.999999744
2023-02-07,251.725,1.5041666666666667,1.93625,,,,,3030.530416666667,-29.914102564102564,-2.0,,,,2023-02-07 11:56:59.999999744
2023-02-08,276.0042735042735,0.823931623931624,1.0123931623931623,,,,,2737.44875,-30.122844827586206,-2.0,,,,2023-02-08 11:56:59.999999744
2023-02-09,82.75630252100841,0.4373949579831933,0.553361344537815,,,,,2926.9391666666666,-28.32669491525424,-2.0,,,,2023-02-09 11:56:59.999999744
2023-02-10,127.20779220779221,0.5314893617021277,0.6527659574468085,,,,,2871.9130801687766,-28.717521367521368,-2.0,,,,2023-02-10 12:02:41.012658176
2023-02-11,71.40833333333333,8.60625,9.634583333333333,,,,,2845.492916666667,-27.144117647058824,-2.0,,,,2023-02-11 11:56:59.999999744
2023-02-12,56.324894514767934,8.771308016877638,9.456540084388186,,,,,2807.53375,-29.582978723404256,-2.0,,,,2023-02-12 11:56:59.999999744
2023-02-13,146.25862068965517,3.3107296137339053,3.6892703862660947,,,,,2815.1970833333335,-31.916033755274263,-2.0,,,,2023-02-13 11:56:59.999999744
2023-02-14,140.05555555555554,3.13989898989899,3.618181818181818,,,,,2720.6199004975124,-31.10939226519337,-2.0,,,,2023-02-14 10:48:53.731343360
2023-02-15,92.53679653679653,6.905508474576272,7.936440677966102,,,,,2926.10625,-27.77679324894515,-2.0,,,,2023-02-15 11:56:59.999999744
2023-02-16,100.35242290748899,4.564102564102564,5.2094017094017095,,,,,3110.952083333333,-28.980869565217393,-2.0,,,,2023-02-16 11:56:59.999999744
2023-02-17,131.83966244725738,1.7495833333333333,2.3400000000000003,,,,,2810.4329166666666,-29.80913043478261,-2.0,,,,2023-02-17 11:56:59.999999744
2023-02-18,229.15833333333333,1.12125,1.7570833333333333,,,,,2809.1,-28.41125,-2.0,,,,2023-02-18 11:56:59.999999744
2023-02-19,250.94166666666666,3.6141666666666667,5.0024999999999995,,,,,2886.2166666666667,-25.001293103448276,-2.0,,,,2023-02-19 11:56:59.999999744
2023-02-20,261.6166666666667,6.241666666666666,9.9375,,,,,2819.27125,-25.399570815450645,-2.0,,,,2023-02-20 11:56:59.999999744
2023-02-21,241.0928270042194,5.94602510460251,7.332635983263598,,,,,3054.7462499999997,-33.77552742616034,-2.0,,,,2023-02-21 11:56:59.999999744
2023-02-22,101.98630136986301,10.133333333333333,11.495000000000001,,,,,2862.5,-26.629583333333336,-2.0,,,,2023-02-22 11:56:59.999999744
2023-02-23,131.34199134199133,9.743722943722945,11.603030303030303,,,,,2879.40375,-16.172294372294374,-2.0,,,,2023-02-23 11:56:59.999999744
2023-02-24,247.05531914893618,12.565106382978724,15.263404255319148,,,,,2803.465271966527,-7.8308333333333335,-2.0,,,,2023-02-24 11:56:59.999999744
2023-02-25,259.5,9.615086206896551,12.909913793103447,,,,,2897.4210970464137,-16.345833333333335,-2.0,,,,2023-02-25 11:56:59.999999744
2023-02-26,253.6218487394958,10.440336134453782,14.425630252100841,,,,,2802.110833333333,-24.424166666666668,-2.0,,,,2023-02-26 11:56:59.999999744
2023-02-27,256.94372294372295,8.228571428571428,12.039826839826839,,,,,2921.1,-26.51856540084388,-2.0,,,,2023-02-27 11:56:59.999999744
2023-02-28,185.67099567099567,5.224680851063829,5.714468085106383,,,,,2994.632083333333,-28.14375,-2.0,,,,2023-02-28 11:56:59.999999744
2023-03-01,71.49787234042553,10.746808510638298,11.74595744680851,,,,,2868.2320833333333,-26.59873417721519,-2.0,,,,2023-03-01 11:56:59.999999744
2023-03-02,73.57383966244726,6.554008438818565,7.095358649789029,,,,,2987.565,-26.7885593220339,-2.0,,,,2023-03-02 11:56:59.999999744
2023-03-03,109.62447257383967,3.9244725738396626,4.264556962025317,,,,,2888.2004166666666,-29.78987341772152,-1.7171874999999999,,,,2023-03-03 11:56:59.999999744
2023-03-04,195.81666666666666,4.015833333333333,4.452916666666667,,,,,2900.3479166666666,-34.7042194092827,-2.0,,,,2023-03-04 11:56:59.999999744
2023-03-05,102.9,9.520869565217392,11.304782608695652,,,,,2859.64125,-26.85274261603376,-2.0,,,,2023-03-05 11:56:59.999999744
2023-03-06,106.52380952380952,10.622746781115879,13.724463519313305,,,,,2854.80375,-16.467499999999998,-2.0,,,,2023-03-06 11:56:59.999999744
2023-03-07,109.66808510638297,8.171848739495799,10.574789915966388,,,,,2983.0659663865545,-12.170085470085471,-2.0,,,,2023-03-07 11:53:28.235294208
2023-03-08,204.47280334728035,6.2716666666666665,6.916250000000001,,,,,2815.055,-5.182773109243698,-2.0,,,,2023-03-08 11:56:59.999999744
2023-03-09,267.1041666666667,10.79375,15.011249999999999,,,,,2900.54125,-18.212083333333332,-2.0,,,,2023-03-09 11:56:59.999999744
2023-03-10,200.95689655172413,4.590948275862068,5.406465517241379,,,,,2831.023333333333,-24.06470588235294,-2.0,,,,2023-03-10 11:56:59.999999744
2023-03-11,240.32083333333333,6.075,7.139583333333333,,,,,2823.4091666666664,-15.470588235294118,-2.0,,,,2023-03-11 11:56:59.999999744
2023-03-12,247.42735042735043,6.722222222222222,9.128205128205128,,,,,2821.2675,-22.27033898305085,-2.0,,,,2023-03-12 11:56:59.999999744
2023-03-13,260.1375,8.135,11.2375,,,,,2857.305416666667,-28.598333333333336,-2.0,,,,2023-03-13 11:56:59.999999744
2023-03-14,282.26382978723404,4.241276595744681,4.767234042553191,,,,,2798.3899159663865,-29.551724137931036,-2.0,,,,2023-03-14 11:55:26.218487552
2023-03-15,249.30416666666667,6.041250000000001,6.944583333333333,,,,,2859.2158333333336,-33.795762711864406,-2.0,,,,2023-03-15 11:56:59.999999744
2023-03-16,220.73333333333332,3.9825,4.515,,,,,2928.39125,-33.660000000000004,-1.9461139896373054,,,,2023-03-16 11:56:59.999999744
2023-03-17,133.875,3.0637499999999998,3.5241666666666664,,,,,2815.2504166666668,-30.694759825327512,-1.9310526315789474,,,,2023-03-17 11:56:59.999999744
2023-03-18,100.45493562231759,6.068333333333333,6.580416666666666,,,,,2739.565,-27.346218487394957,-2.0,,,,2023-03-18 11:56:59.999999744
2023-03-19,84.58008658008659,6.96468085106383,7.511489361702128,,,,,2807.047916666667,-20.39662447257384,-1.9666666666666668,,,,2023-03-19 11:56:59.999999744
2023-03-20,190.65,6.0754166666666665,6.93875,,,,,2991.8433333333332,-13.142553191489363,-1.963783783783784,,,,2023-03-20 11:56:59.999999744
2023-03-21,159.62978723404257,6.945833333333334,7.871666666666667,,,,,3003.974672489083,-10.876271186440679,-1.9310160427807486,,,,2023-03-21 11:56:59.999999744
2023-03-22,120.12711864406779,5.19579831932773,5.782773109243697,,,,,2725.545,-12.417021276595746,-1.9281249999999999,,,,2023-03-22 11:56:59.999999744
2023-03-23,81.22270742358079,3.046153846153846,3.4111111111111114,,,,,2846.241841004184,-15.470762711864406,-1.9456521739130435,,,,2023-03-23 11:57:05.271966464
2023-03-24,200.47457627118644,5.866101694915255,6.686440677966102,,,,,3045.1650655021836,-12.106666666666667,-1.9984374999999999,,,,2023-03-24 11:56:59.999999744
2023-03-25,227.41772151898735,9.371308016877638,10.727004219409283,,,,,2893.4950000000003,-17.634042553191488,-2.0,,,,2023-03-25 11:56:59.999999744
2023-03-26,142.2375,7.70125,8.866666666666667,,,,,2853.3016666666667,-12.4275,-2.0,,,,2023-03-26 11:56:59.999999744
2023-03-27,230.19583333333333,8.296249999999999,9.2575,,,,,2884.3466666666664,-3.3529411764705883,-1.98,,,,2023-03-27 11:56:59.999999744
2023-03-28,256.9404255319149,8.925106382978724,11.174893617021276,,,,,2966.0404166666663,-14.103004291845494,-1.9244791666666667,,,,2023-03-28 11:56:59.999999744
2023-03-29,196.86147186147187,7.249356223175965,7.951502145922747,,,,,2744.0566666666664,-17.60343347639485,-1.9910526315789474,,,,2023-03-29 11:56:59.999999744
2023-03-30,102.52631578947368,7.9175,8.615833333333335,,,,,2956.88125,-15.65875,-2.0,,,,2023-03-30 11:56:59.999999744
2023-03-31,240.86324786324786,3.441452991452991,4.234615384615385,,,,,2878.5037500000003,-17.70759493670886,-1.9578947368421054,,,,2023-03-31 11:56:59.999999744
2023-04-01,211.30084745762713,2.4295833333333334,3.189583333333333,,,,,3032.0533333333337,-18.889873417721518,-1.9989473684210526,,,,2023-04-01 11:56:59.999999744
2023-04-02,104.31390134529148,8.678723404255319,10.267234042553191,,,,,2768.764583333333,-16.681666666666665,-1.9365079365079365,,,,2023-04-02 11:56:59.999999744
2023-04-03,233.39662447257385,5.685654008438819,7.119831223628692,,,,,2849.2558333333336,-16.926160337552744,-1.913089005235602,,,,2023-04-03 11:56:59.999999744
2023-04-04,279.60593220338984,4.716101694915254,5.69449152542373,,,,,3034.8416666666667,-20.183050847457626,-1.8999999999999997,,,,2023-04-04 11:56:59.999999744
2023-04-05,242.67256637168143,7.1730088495575215,8.674778761061948,,,,,3071.6837499999997,-26.532300884955752,-1.9365079365079365,,,,2023-04-05 11:56:59.999999744
2023-04-06,215.042194092827,4.3472573839662445,4.979324894514767,,,,,2995.2083333333335,-26.974678111587984,-1.9288770053475934,,,,2023-04-06 11:56:59.999999744
2023-04-07,269.40167364016736,5.175,6.784166666666667,,,,,2877.2683333333334,-23.281896551724138,-1.9026315789473685,,,,2023-04-07 11:56:59.999999744
2023-04-08,248.10833333333332,6.604166666666667,7.9575,,,,,2877.14375,-28.59539748953975,-1.9,,,,2023-04-08 11:56:59.999999744
2023-04-09,51.57081545064378,6.02051282051282,6.653418803418804,,,,,2840.6212499999997,-21.155128205128207,-1.9,,,,2023-04-09 11:56:59.999999744
2023-04-10,264.04583333333335,5.392916666666666,7.810416666666667,,,,,2992.5591666666664,-20.197899159663866,-1.912169312169312,,,,2023-04-10 11:56:59.999999744
2023-04-11,256.05357142857144,6.6084821428571425,8.340178571428572,,,,,3146.312711864407,-25.31483050847458,-0.9943820224719101,,,,2023-04-11 11:49:04.067796480
2023-04-12,256.2350427350427,8.316666666666666,10.127350427350429,,,,,2896.723076923077,-27.06153846153846,,,,,2023-04-12 11:55:55.384615424
2023-04-13,255.21645021645023,6.651948051948051,8.5995670995671,,,,,2928.1845833333336,-23.944915254237287,,,,,2023-04-13 11:56:59.999999744
2023-04-14,260.19827586206895,2.923275862068966,3.377155172413793,,,,,2894.869583333333,-24.219583333333333,,,,,2023-04-14 11:56:59.999999744
2023-04-15,217.03829787234042,1.8371308016877637,2.3649789029535864,,,,,2969.9975,-22.65236051502146,,,,,2023-04-15 11:56:59.999999744
2023-04-16,208.94117647058823,2.2403361344537815,2.7819327731092436,,,,,2817.6691666666666,-23.20042194092827,,,,,2023-04-16 11:56:59.999999744
2023-04-17,263.0042016806723,6.399579831932773,8.747478991596639,,,,,2857.7366666666667,-19.797890295358652,,,,,2023-04-17 11:56:59.999999744
2023-04-18,214.15555555555557,3.7907894736842103,4.364912280701755,,,,,2943.0186956521743,-22.095927601809954,,,,,2023-04-18 12:25:26.086956544
2023-04-19,151.05116279069767,3.656018518518519,4.061574074074074,,,,,2807.7184331797234,-20.121495327102803,,,,,2023-04-19 12:33:22.396313344
2023-04-20,154.29565217391306,1.8225108225108224,2.49047619047619,,,,,2939.2075,-15.772961373390558,,,,,2023-04-20 11:56:59.999999744
2023-04-21,80.26609442060087,6.974261603375528,8.151476793248946,,,,,2976.349166666667,-11.55126050420168,,,,,2023-04-21 11:56:59.999999744
2023-04-22,40.729166666666664,8.81375,9.421666666666665,,,,,2908.9995833333332,-19.85625,,,,,2023-04-22 11:56:59.999999744
2023-04-23,193.60633484162895,4.276470588235294,5.181900452488688,,,,,3466.587553648069,-20.79775784753363,,,,,2023-04-23 11:45:42.489270528
2023-04-24,105.46382978723405,2.318723404255319,3.1731914893617024,,,,,2800.3209205020917,-18.251293103448276,,,,,2023-04-24 11:58:10.041840896
2023-04-25,253.0,1.6307359307359306,2.5393939393939395,,,,,3119.5987499999997,-19.08255319148936,,,,,2023-04-25 11:56:59.999999744
2023-04-26,127.55696202531645,2.9478991596638657,4.211764705882353,,,,,2850.1058333333335,-19.274683544303798,,,,,2023-04-26 11:56:59.999999744
2023-04-27,184.8828451882845,3.041004184100418,4.1,,,,,2845.5575000000003,-18.559915611814347,,,,,2023-04-27 11:56:59.999999744
2023-04-28,166.62916666666666,1.4237499999999998,1.9529166666666666,,,,,2926.7149999999997,-15.633050847457627,,,,,2023-04-28 11:56:59.999999744
2023-04-29,79.34453781512605,8.754166666666666,9.964583333333334,,,,,2816.1495833333333,-14.664166666666667,,,,,2023-04-29 11:56:59.999999744
2023-04-30,83.67811158798283,10.942489270386266,12.829184549356222,,,,,2926.530416666667,-11.741666666666667,,,,,2023-04-30 11:56:59.999999744
2023-05-01,76.21940928270043,12.532911392405063,14.560759493670886,,,,,2844.883333333333,-10.665254237288135,,,,,2023-05-01 11:56:59.999999744
2023-05-02,85.37333333333333,11.054585152838428,13.321397379912664,,,,,2726.55125,-7.26025641025641,,,,,2023-05-02 11:56:59.999999744
2023-05-03,189.0125,4.6691666666666665,5.479166666666667,,,,,2882.0016736401676,-6.855416666666667,,,,,2023-05-03 11:56:59.999999744
2023-05-04,255.37552742616035,3.432067510548523,4.58818565400844,,,,,2826.2962025316456,-7.774137931034482,,,,,2023-05-04 11:58:56.202531584
2023-05-05,193.45701357466064,4.8500000000000005,5.780803571428572,,,,,2820.613100436681,-6.117647058823529,,,,,2023-05-05 12:06:37.729257472
2023-05-06,136.3390557939914,3.4272340425531915,4.46468085106383,,,,,3000.4420833333334,-7.159414225941422,,,,,2023-05-06 11:56:59.999999744
2023-05-07,276.14224137931035,3.9883620689655173,5.024568965517242,,,,,2739.365,-7.23404255319149,,,,,2023-05-07 11:56:59.999999744
2023-05-08,141.72649572649573,2.7217021276595745,3.6591489361702125,,,,,2851.8395833333334,-6.618614718614719,,,,,2023-05-08 11:56:59.999999744
2023-05-09,147.78205128205127,2.881012658227848,3.8962025316455695,,,,,2960.8629166666665,-6.545416666666667,,,,,2023-05-09 11:56:59.999999744
2023-05-10,215.65236051502146,2.719230769230769,3.65,,,,,2812.4637500000003,-5.476855895196507,,,,,2023-05-10 11:56:59.999999744
2023-05-11,77.86266094420601,4.463829787234043,5.586808510638298,,,,,2734.72625,-6.002553191489361,,,,,2023-05-11 11:56:59.999999744
2023-05-12,201.09583333333333,3.3304166666666664,4.129166666666666,,,,,2813.047916666667,-4.940086206896551,,,,,2023-05-12 11:56:59.999999744
2023-05-13,111.99563318777292,6.604329004329004,9.048484848484847,,,,,2811.5658333333336,-5.393478260869565,,,,,2023-05-13 11:56:59.999999744
2023-05-14,176.15833333333333,7.88125,9.048333333333334,,,,,2772.1691666666666,3.1038135593220337,,,,,2023-05-14 11:56:59.999999744
2023-05-15,229.31489361702128,7.833617021276596,9.071914893617022,,,,,2847.3325,4.121518987341772,,,,,2023-05-15 11:56:59.999999744
2023-05-16,186.02542372881356,8.049999999999999,9.396610169491526,,,,,2969.6745833333334,-5.876470588235294,,,,,2023-05-16 11:56:59.999999744
2023-05-17,57.72083333333333,8.580416666666668,9.529166666666667,,,,,2780.8483333333334,-5.679166666666666,,,,,2023-05-17 11:56:59.999999744
2023-05-18,213.72151898734177,3.2164556962025315,3.9869198312236285,,,,,2967.4491666666668,-3.710970464135021,,,,,2023-05-18 11:56:59.999999744
2023-05-19,218.9620253164557,6.19198312236287,7.023628691983122,,,,,2928.929583333333,0.10214592274678111,,,,,2023-05-19 11:56:59.999999744
2023-05-20,231.57758620689654,7.1530172413793105,8.313362068965517,,,,,2955.125,0.16594827586206898,,,,,2023-05-20 12:06:33.559322112
2023-05-21,202.86974789915968,4.300840336134454,5.965546218487395,,,,,2778.64,-0.6797468354430379,,,,,2023-05-21 11:56:59.999999744
2023-05-22,194.9240506329114,5.984388185654009,6.6835443037974684,,,,,2886.9012500000003,1.595397489539749,,,,,2023-05-22 11:56:59.999999744
2023-05-23,249.34309623430963,4.222175732217574,4.685355648535564,,,,,2813.0204166666667,3.425423728813559,,,,,2023-05-23 11:56:59.999999744
2023-05-24,110.98333333333333,8.42375,9.675,,,,,2855.9154166666663,-3.534361233480176,,,,,2023-05-24 11:56:59.999999744
2023-05-25,71.10917030567686,10.931877729257643,12.69475982532751,,,,,3153.767083333333,-4.6000000000000005,,,,,2023-05-25 11:56:59.999999744
2023-05-26,77.6822033898305,12.418143459915612,14.58776371308017,,,,,2846.07,-4.1527659574468085,,,,,2023-05-26 11:56:59.999999744
2023-05-27,58.854166666666664,8.054166666666667,9.180833333333334,,,,,2801.563333333333,-2.111587982832618,,,,,2023-05-27 11:56:59.999999744
2023-05-28,99.08407079646018,6.315384615384615,8.193589743589744,,,,,2830.038559322034,-0.8260683760683761,,,,,2023-05-28 11:57:30.878661120
2023-05-29,107.36752136752136,3.8025531914893618,5.148510638297873,,,,,2797.2516666666666,-1.0940677966101695,,,,,2023-05-29 11:56:59.999999744
2023-05-30,80.20600858369099,3.0547008547008545,3.612820512820513,,,,,3213.022916666667,-0.1372384937238494,,,,,2023-05-30 11:56:59.999999744
2023-05-31,238.9063829787234,4.320425531914894,5.066808510638298,,,,,2839.4108333333334,1.0587982832618026,,,,,2023-05-31 11:56:59.999999744
2023-06-01,247.5782608695652,7.398695652173913,9.02608695652174,,,,,3032.414583333333,-1.3743697478991597,,,,,2023-06-01 11:56:59.999999744
2023-06-02,77.490990990991,8.566666666666666,10.149333333333333,,,,,2879.4479166666665,-2.589583333333333,,,,,2023-06-02 11:56:59.999999744
2023-06-03,108.8177966101695,5.647058823529412,6.963025210084034,,,,,2844.610833333333,-1.1021008403361345,,,,,2023-06-03 11:56:59.999999744
2023-06-04,201.01342281879195,6.92751677852349,8.745637583892616,,,,,2818.134319526627,1.3313333333333333,,,,,2023-06-04 09:00:21.301775104
2023-06-05,144.05045871559633,4.990497737556561,5.706787330316742,,,,,3302.85625,1.9944444444444445,,,,,2023-06-05 11:56:59.999999744
2023-06-06,66.78991596638656,6.711344537815126,7.15672268907563,,,,,2889.1666666666665,2.2570833333333336,,,,,2023-06-06 11:56:59.999999744
2023-06-07,38.865546218487395,7.031092436974791,7.868487394957984,,,,,3111.5891666666666,-0.9645569620253164,,,,,2023-06-07 11:56:59.999999744
2023-06-08,52.881856540084385,8.565400843881857,9.612236286919831,,,,,3036.577083333333,-1.9447257383966243,,,,,2023-06-08 11:56:59.999999744
2023-06-09,51.09282700421941,9.8915611814346,11.132489451476793,,,,,2773.3629166666665,-2.8358333333333334,,,,,2023-06-09 11:56:59.999999744
2023-06-10,68.88185654008439,12.052320675105486,13.964135021097047,,,,,2812.03875,-2.9705882352941178,,,,,2023-06-10 11:56:59.999999744
2023-06-11,91.68837209302326,10.456355932203389,12.933898305084746,,,,,3108.610416666667,-0.780672268907563,,,,,2023-06-11 11:56:59.999999744
2023-06-12,72.27916666666667,5.706666666666666,6.274583333333334,,,,,2932.0978540772535,0.6186147186147186,,,,,2023-06-12 11:56:59.999999744
2023-06-13,221.75,7.514166666666667,8.388333333333334,,,,,2877.44375,8.41904761904762,0.10285714285714286,,,,2023-06-13 11:56:59.999999744
2023-06-14,229.60416666666666,3.0108333333333333,3.5995833333333334,,,,,2807.3541666666665,5.3758333333333335,0.05789473684210526,,,,2023-06-14 11:56:59.999999744
2023-06-15,276.37068965517244,3.4771551724137932,3.861637931034483,,,,,2920.7845833333336,2.562820512820513,-0.0026455026455026462,,,,2023-06-15 11:56:59.999999744
2023-06-16,75.42796610169492,4.784810126582278,5.430379746835443,,,,,3029.9245833333334,0.09075630252100841,0.010638297872340424,,,,2023-06-16 11:56:59.999999744
2023-06-17,64.51680672268908,3.9083682008368203,4.5556485355648535,,,,,2734.6529166666664,-0.6406779661016949,0.011917098445595855,,,,2023-06-17 11:56:59.999999744
2023-06-18,87.60526315789474,5.67725321888412,7.118025751072961,,,,,2814.125833333333,-1.2445378151260504,0.007978723404255319,,,,2023-06-18 11:56:59.999999744
2023-06-19,193.75,3.963793103448276,4.6875,,,,,2888.11,3.936974789915966,0.11164021164021165,,,,2023-06-19 11:56:59.999999744
2023-06-20,150.64556962025316,6.1033333333333335,6.7025,,,,,2735.3158333333336,7.39746835443038,0.19119170984455958,,,,2023-06-20 11:56:59.999999744
2023-06-21,216.831223628692,6.338655462184874,7.352521008403362,,,,,2845.56875,3.9551282051282053,0.1282051282051282,,,,2023-06-21 11:56:59.999999744
2023-06-22,248.35983263598325,5.197916666666667,5.889166666666667,,,,,3071.2920833333333,1.562025316455696,0.30324324324324325,,,,2023-06-22 11:56:59.999999744
2023-06-23,113.96103896103897,5.052320675105485,5.991983122362869,,,,,3224.6262500000003,0.49916666666666665,0.24444444444444444,,,,2023-06-23 11:56:59.999999744
2023-06-24,94.72052401746726,9.861181434599155,12.020253164556962,,,,,3219.3770833333333,0.07763713080168776,0.2242937853107345,,,,2023-06-24 11:56:59.999999744
2023-06-25,95.79565217391304,6.246835443037975,6.886919831223629,,,,,4841.705857740586,3.438135593220339,0.624822695035461,,,,2023-06-25 11:55:48.451882752
2023-06-26,204.6875,4.286666666666666,4.810416666666667,,,,,2358.853448275862,1.407142857142857,1.1009661835748792,,,,2023-06-26 11:56:59.999999744
2023-06-27,81.98666666666666,5.446835443037975,6.105063291139241,,,,,2468.3399999999997,0.2656779661016949,0.5575757575757576,,,,2023-06-27 11:56:59.999999744
2023-06-28,84.25446428571429,6.6016666666666675,7.63375,,,,,2319.6924999999997,0.3283333333333333,1.2658536585365854,,,,2023-06-28 11:56:59.999999744
2023-06-29,61.4125,8.865,9.65625,,,,,2316.5783333333334,1.042436974789916,1.5282926829268293,,,,2023-06-29 11:56:59.999999744
2023-06-30,68.60924369747899,5.195833333333334,5.780833333333334,,,,,2953.3241666666668,0.24541666666666667,1.5944999999999998,,,,2023-06-30 11:56:59.999999744
2023-07-01,233.7922077922078,5.345922746781116,6.070386266094421,,,,,2884.9483333333333,6.7354700854700855,1.627127659574468,,,,2023-07-01 11:56:59.999999744
2023-07-02,82.63636363636364,6.055458515283843,6.923580786026201,,,,,2256.0012500000003,1.60990990990991,2.4793103448275864,,,,2023-07-02 11:56:59.999999744
2023-07-03,92.64125560538116,9.819747899159664,11.59327731092437,,,,,2326.53375,2.6735294117647057,2.8111650485436894,,,,2023-07-03 11:56:59.999999744
2023-07-04,155.48290598290598,6.240928270042193,7.571308016877637,,,,,1945.5825,4.922033898305084,2.5660377358490565,,,,2023-07-04 11:56:59.999999744
2023-07-05,232.65400843881858,7.0050632911392405,8.18776371308017,,,,,2060.7904166666667,11.144871794871795,5.782857142857143,,,,2023-07-05 11:56:59.999999744
2023-07-06,144.32911392405063,5.318333333333333,5.867500000000001,,,,,1837.1829166666669,10.855844155844155,5.617272727272727,,,,2023-07-06 11:56:59.999999744
2023-07-07,99.08583690987125,7.482845188284519,9.430962343096235,,,,,2133.145,6.145652173913043,3.1333333333333333,,,,2023-07-07 11:56:59.999999744
2023-07-08,135.59071729957805,5.529166666666667,7.610416666666667,,,,,2277.798333333333,4.580281690140845,0.7072815533980582,,,,2023-07-08 11:56:59.999999744
2023-07-09,287.60833333333335,9.095833333333333,10.529166666666667,,,,,2014.9716666666668,3.735135135135135,5.408920187793427,,,,2023-07-09 11:56:59.999999744
2023-07-10,153.0,4.602083333333334,5.609583333333333,,,,,2317.2841666666664,4.560964912280702,8.371014492753623,,,,2023-07-10 11:56:59.999999744
2023-07-11,107.69620253164557,4.714767932489452,5.731223628691983,,,,,1982.5925,7.754112554112554,6.539010989010989,,,,2023-07-11 11:56:59.999999744
2023-07-12,171.86864406779662,4.358333333333333,5.1525,,,,,2289.0037500000003,7.103418803418804,9.076923076923077,,,,2023-07-12 11:56:59.999999744
2023-07-13,213.13080168776372,2.67375,3.6645833333333333,,,,,1919.2733333333333,7.282127659574468,,,,,2023-07-13 11:56:59.999999744
2023-07-14,43.351694915254235,7.005932203389831,7.844491525423728,,,,,2148.0529411764705,3.3409691629955947,9.040816326530612,,,,2023-07-14 12:00:15.126050560
2023-07-15,236.44915254237287,5.226271186440679,6.726271186440679,,,,,1984.1433333333334,3.3236607142857144,9.70625,,,,2023-07-15 11:56:59.999999744
2023-07-16,219.63090128755366,3.888135593220339,5.063559322033898,,,,,2548.5779166666666,3.888053097345133,9.586666666666668,,,,2023-07-16 11:56:59.999999744
2023-07-17,61.979166666666664,7.514583333333333,8.464583333333334,,,,,2136.7558333333336,4.575438596491228,7.650952380952381,,,,2023-07-17 11:56:59.999999744
2023-07-18,102.90717299578058,2.592016806722689,3.492857142857143,,,,,2514.73875,5.687878787878788,9.182191780821917,,,,2023-07-18 11:56:59.999999744
2023-07-19,98.78879310344827,6.189075630252101,8.28655462184874,,,,,2180.2095833333333,6.53859649122807,6.5376811594202895,,,,2023-07-19 11:56:59.999999744
2023-07-20,97.3862660944206,5.8829166666666675,7.310416666666667,,,,,2288.71125,6.63542600896861,0.49178743961352656,,,,2023-07-20 11:56:59.999999744
2023-07-21,139.38793103448276,4.083193277310924,4.848319327731093,,,,,2134.6945833333334,12.109649122807017,3.8790476190476193,,,,2023-07-21 11:56:59.999999744
2023-07-22,110.18454935622317,4.531223628691984,5.014345991561182,,,,,2097.69375,14.071491228070176,7.31010101010101,,,,2023-07-22 11:56:59.999999744
2023-07-23,101.74235807860262,4.872573839662447,5.753586497890295,,,,,2361.585,12.136752136752136,6.348039215686274,,,,2023-07-23 11:56:59.999999744
2023-07-24,86.10169491525424,9.457500000000001,11.007083333333332,,,,,2024.48875,8.145945945945947,2.0746478873239433,,,,2023-07-24 11:56:59.999999744
2023-07-25,97.87330316742081,10.016666666666667,11.809583333333334,,,,,2472.08125,5.53421052631579,0.32569832402234633,,,,2023-07-25 11:56:59.999999744
2023-07-26,86.36909871244636,7.26125,8.601666666666667,,,,,2175.2233333333334,5.24304932735426,1.0797101449275361,,,,2023-07-26 11:56:59.999999744
2023-07-27,58.204166666666666,4.881666666666666,5.702916666666667,,,,,2177.647916666667,5.740952380952381,3.270157068062827,,,,2023-07-27 11:56:59.999999744
2023-07-28,108.80717488789237,5.039301310043668,6.065065502183407,,,,,2513.2691666666665,8.394240837696335,4.001086956521739,,,,2023-07-28 11:56:59.999999744
2023-07-29,84.8936170212766,4.149583333333333,5.035416666666666,,,,,2062.2516666666666,7.641991341991342,4.556398104265403,,,,2023-07-29 11:56:59.999999744
2023-07-30,232.4978540772532,4.4017167381974245,4.899141630901288,,,,,2176.6745833333334,13.422317596566524,6.501657458563535,,,,2023-07-30 11:56:59.999999744
2023-07-31,166.22513089005236,4.597905759162304,5.3,,,,,1812.0549222797927,9.423529411764706,9.329878048780488,,,,2023-07-31 09:36:00.000000000
2023-08-04,112.85844748858447,3.32,4.703181818181818,,,,,2880.1545045045045,4.235981308411215,9.33963963963964,,,,2023-08-04 12:51:00.000000000
2023-08-05,109.62173913043478,6.874347826086956,8.645652173913044,,,,,2537.7716101694914,8.340444444444444,6.861081081081081,,,,2023-08-05 12:05:12.711864576
2023-08-06,163.47058823529412,5.597478991596639,6.204201680672268,,,,,1947.4550000000002,16.722978723404257,7.448837209302326,,,,2023-08-06 11:56:59.999999744
2023-08-07,119.40528634361233,4.69198312236287,5.413502109704641,,,,,2057.76125,12.969620253164559,7.025233644859814,,,,2023-08-07 11:56:59.999999744
2023-08-08,65.1659574468085,6.16764705882353,7.060504201680673,,,,,2431.242916666667,8.35240174672489,6.711386138613862,,,,2023-08-08 11:56:59.999999744
2023-08-09,51.09166666666667,7.997083333333333,8.702916666666665,,,,,2356.0308333333332,7.5741525423728815,6.798557692307692,,,,2023-08-09 11:56:59.999999744
2023-08-10,59.858333333333334,11.499583333333334,12.729999999999999,,,,,2246.429166666667,5.966101694915254,7.104455445544554,,,,2023-08-10 11:56:59.999999744
2023-08-11,56.096638655462186,7.470588235294118,8.628991596638654,,,,,2026.5245833333333,3.7248908296943233,6.930303030303031,,,,2023-08-11 11:56:59.999999744
2023-08-12,141.9071729957806,3.539662447257384,4.424894514767932,,,,,2436.2308333333335,4.216525423728814,5.954666666666667,,,,2023-08-12 11:56:59.999999744
2023-08-13,60.1125,7.672083333333333,8.759583333333333,,,,,2096.17875,3.62,4.927142857142857,,,,2023-08-13 11:56:59.999999744
2023-08-14,65.14166666666667,4.815833333333333,5.852916666666667,,,,,1986.5054166666666,3.635744680851064,3.6814814814814816,,,,2023-08-14 11:56:59.999999744
2023-08-15,87.04661016949153,4.061764705882353,4.9605042016806715,,,,,1907.2041666666667,4.879310344827586,3.3761682242990654,,,,2023-08-15 11:56:59.999999744
2023-08-16,141.27848101265823,2.1227848101265825,2.778481012658228,,,,,2355.969583333333,6.313063063063063,5.658762886597938,,,,2023-08-16 11:56:59.999999744
2023-08-17,194.89361702127658,8.117021276595745,9.281702127659573,,,,,2840.7512500000003,9.857826086956523,5.3,,,,2023-08-17 11:56:59.999999744
2023-08-18,272.07916666666665,6.184583333333333,7.263333333333334,,,,,2242.57375,7.936888888888888,7.550000000000001,,,,2023-08-18 11:56:59.999999744
2023-08-19,193.41525423728814,4.5974576271186445,5.33728813559322,,,,,2355.39375,7.562127659574467,7.003940886699507,,,,2023-08-19 11:56:59.999999744
2023-08-20,248.84583333333333,5.372916666666667,6.322916666666667,,,,,2359.2366666666667,6.412658227848101,7.575117370892019,,,,2023-08-20 11:56:59.999999744
2023-08-21,108.80176211453744,5.277021276595744,6.252765957446809,,,,,2059.923333333333,6.562660944206008,7.029611650485436,,,,2023-08-21 11:56:59.999999744
2023-08-22,148.98660714285714,6.0093749999999995,7.381696428571429,,,,,1723.5348017621147,7.907555555555556,6.167804878048781,,,,2023-08-22 12:09:53.127753216
2023-08-23,261.60833333333335,10.90625,13.806666666666667,,,,,2098.8908333333334,4.39915611814346,7.582710280373832,,,,2023-08-23 11:56:59.999999744
2023-08-24,269.0833333333333,7.0320833333333335,9.34,,,,,2250.8158333333336,4.86875,7.030434782608696,,,,2023-08-24 11:56:59.999999744
2023-08-25,77.525,9.182916666666667,10.610000000000001,,,,,2247.54125,3.820168067226891,6.466507177033493,,,,2023-08-25 11:56:59.999999744
2023-08-26,71.02553191489362,14.265106382978724,16.21191489361702,,,,,2096.09625,3.851931330472103,6.014883720930233,,,,2023-08-26 11:56:59.999999744
2023-08-27,150.58695652173913,8.677731092436975,10.63655462184874,,,,,2350.6364806866954,4.611344537815126,5.185507246376812,,,,2023-08-27 11:56:59.999999744
2023-08-28,254.28991596638656,9.047058823529412,11.746638655462185,,,,,2081.8517094017093,4.825738396624473,5.912019230769231,,,,2023-08-28 11:56:59.999999744
2023-08-29,147.87179487179486,7.478059071729958,9.40295358649789,,,,,1653.0033333333333,2.4236051502145926,5.034246575342466,,,,2023-08-29 11:56:59.999999744
2023-08-30,89.00436681222708,11.599565217391305,14.00608695652174,,,,,2063.4491304347825,3.0599999999999996,2.900975609756098,,,,2023-08-30 12:16:49.565217280
2023-08-31,101.51914893617021,6.162083333333333,7.913749999999999,,,,,2169.3087866108785,3.527848101265823,2.7990338164251205,,,,2023-08-31 11:56:59.999999744
2023-09-01,115.9125,5.547083333333333,6.238333333333333,,,,,2004.8616666666667,3.9054621848739495,1.9028301886792451,,,,2023-09-01 11:56:59.999999744
2023-09-02,44.47659574468085,4.447058823529412,5.347478991596639,,,,,2238.475833333333,2.5999999999999996,3.38743961352657,,,,2023-09-02 11:56:59.999999744
2023-09-03,107.75,11.460504201680672,14.98235294117647,,,,,2316.733333333333,2.0201680672268907,1.431219512195122,,,,2023-09-03 11:56:59.999999744
2023-09-04,212.05833333333334,9.353333333333333,11.29875,,,,,2036.460425531915,4.0329113924050635,2.7699530516431925,,,,2023-09-04 11:56:59.999999744
2023-09-05,161.07112970711296,3.9241666666666664,4.925833333333333,,,,,2205.295416666667,3.6116666666666664,3.840384615384615,,,,2023-09-05 11:56:59.999999744
2023-09-06,66.0295358649789,5.913333333333333,6.5475,,,,,2339.1229787234042,3.4641025641025642,1.8824390243902438,,,,2023-09-06 11:56:59.999999744
2023-09-07,121.39166666666667,5.497916666666667,6.450833333333334,,,,,2132.4633333333336,2.404273504273504,2.0624413145539906,,,,2023-09-07 11:56:59.999999744
2023-09-08,274.6125,6.484583333333333,8.747916666666667,,,,,1992.26125,1.9645569620253165,4.161682242990654,,,,2023-09-08 11:56:59.999999744
2023-09-09,140.68510638297872,6.807083333333334,8.2125,,,,,2066.545833333333,2.962083333333333,4.158962264150944,,,,2023-09-09 11:56:59.999999744
2023-09-10,122.06302521008404,8.129166666666666,9.806666666666667,,,,,2205.71,3.222077922077922,3.823557692307692,,,,2023-09-10 11:56:59.999999744
2023-09-11,77.74683544303798,7.0704166666666675,8.353333333333333,,,,,2111.606808510638,2.8066666666666666,3.299052132701422,,,,2023-09-11 11:56:59.999999744
2023-09-12,219.66101694915255,4.9161016949152545,6.03093220338983,,,,,2421.0089743589742,3.663135593220339,3.202970297029703,,,,2023-09-12 11:55:51.464435200
2023-09-13,273.34177215189874,7.3590717299578055,8.70759493670886,,,,,1865.0670833333331,4.994396551724138,4.498630136986301,,,,2023-09-13 11:56:59.999999744
2023-09-14,140.70292887029288,4.9141666666666675,5.712916666666667,,,,,2429.0133333333333,4.450833333333334,4.226960784313725,,,,2023-09-14 11:56:59.999999744
2023-09-15,74.5397489539749,8.499583333333334,9.874166666666667,,,,,2013.4029288702927,3.2483333333333335,2.760093896713615,,,,2023-09-15 11:56:59.999999744
2023-09-16,73.1255230125523,5.9245833333333335,6.845833333333333,,,,,2234.4904166666665,2.725416666666667,2.714009661835749,,,,2023-09-16 11:56:59.999999744
2023-09-17,71.85,12.87125,14.688333333333333,,,,,2009.1729166666667,2.020253164556962,2.769047619047619,,,,2023-09-17 11:56:59.999999744
2023-09-18,79.96610169491525,9.001271186440679,10.505508474576272,,,,,2320.8088235294117,2.3665236051502143,3.4893719806763284,,,,2023-09-18 11:54:00.000000000
2023-09-19,238.3803418803419,3.9384615384615387,4.8679487179487175,,,,,2213.607983193277,3.102145922746781,3.741545893719807,,,,2023-09-19 11:59:35.899581440
2023-09-20,257.52991452991455,5.843589743589744,6.904700854700855,,,,,1831.2091666666668,1.76125,3.529816513761468,,,,2023-09-20 11:56:59.999999744
2023-09-21,251.7375,8.034166666666668,10.585833333333333,,,,,2127.3254166666666,1.5495833333333333,3.184285714285714,,,,2023-09-21 11:56:59.999999744
2023-09-22,256.32916666666665,7.690416666666667,11.065833333333334,,,,,1904.9170833333333,0.6782978723404256,2.661574074074074,,,,2023-09-22 11:56:59.999999744
2023-09-23,255.75833333333333,5.824166666666667,8.43,,,,,2092.7462499999997,-0.34791666666666665,2.0240566037735848,,,,2023-09-23 11:56:59.999999744
2023-09-24,243.475,5.1554166666666665,6.482083333333334,,,,,2210.865,-0.01875,1.580769230769231,,,,2023-09-24 11:56:59.999999744
2023-09-25,125.12288135593221,4.326666666666667,5.770833333333333,,,,,2175.44625,1.0104166666666667,2.027751196172249,,,,2023-09-25 11:56:59.999999744
2023-09-26,173.04310344827587,3.2801724137931036,4.126724137931034,,,,,2173.210775862069,-1.129741379310345,2.099009900990099,,,,2023-09-26 12:14:35.172413696
2023-09-27,197.9198312236287,1.8915966386554621,2.273529411764706,,,,,2096.7975,-0.19787234042553192,0.9233644859813084,,,,2023-09-27 11:56:59.999999744
2023-09-28,234.82008368200837,4.319665271966527,4.960669456066945,,,,,2098.7654166666666,0.61375,0.4867924528301887,,,,2023-09-28 11:56:59.999999744
2023-09-29,212.98245614035088,6.272368421052631,7.036403508771929,,,,,2156.201271186441,2.0495454545454543,1.0898550724637681,,,,2023-09-29 11:48:15.254237184
2023-09-30,211.56896551724137,4.965948275862068,5.665948275862069,,,,,2474.3279166666666,2.0902542372881356,1.3366336633663367,,,,2023-09-30 11:56:59.999999744
2023-10-01,175.9875,4.235,4.777083333333334,,,,,2241.749166666667,1.6295154185022025,1.1626794258373205,,,,2023-10-01 11:56:59.999999744
2023-10-02,143.52320675105486,4.275210084033613,5.069327731092437,,,,,2505.6775,-0.04430379746835443,1.1326829268292684,,,,2023-10-02 11:56:59.999999744
2023-10-03,245.6625,6.34,8.318333333333333,,,,,2171.5354166666666,-2.7245833333333334,0.553,,,,2023-10-03 11:56:59.999999744
2023-10-04,246.3625,9.448333333333332,11.894166666666667,,,,,2032.4620833333333,-3.797844827586207,-0.41753554502369666,,,,2023-10-04 11:56:59.999999744
2023-10-05,241.8646288209607,8.096943231441049,9.733624454148472,,,,,2408.764166666667,-6.592083333333333,-0.8658653846153845,,,,2023-10-05 11:56:59.999999744
2023-10-06,251.0,4.435064935064935,6.291341991341991,,,,,1989.12,-6.956779661016949,-0.930952380952381,,,,2023-10-06 11:56:59.999999744
2023-10-07,261.90677966101697,6.121186440677966,7.786864406779661,,,,,2063.889583333333,-6.6268085106382975,-0.8970588235294118,,,,2023-10-07 11:56:59.999999744
2023-10-08,155.94871794871796,4.8354430379746836,6.010548523206751,,,,,2398.3875,-6.535775862068966,-0.9775,,,,2023-10-08 11:56:59.999999744
2023-10-09,82.97333333333333,16.450438596491228,19.822807017543862,,,,,2094.378333333333,-1.5205128205128207,-1.113397129186603,,,,2023-10-09 11:56:59.999999744
2023-10-10,68.525,17.802500000000002,20.57541666666667,,,,,2201.9508333333333,-1.096595744680851,-1.0879807692307693,,,,2023-10-10 11:56:59.999999744
2023-10-11,78.95338983050847,10.439330543933055,11.868200836820083,,,,,2167.52125,-1.7962025316455696,-0.6151658767772512,,,,2023-10-11 11:56:59.999999744
2023-10-12,217.0506329113924,2.932067510548523,3.589029535864979,,,,,2097.87625,-9.168260869565216,-0.323936170212766,,,,2023-10-12 11:56:59.999999744
2023-10-13,160.71729957805908,4.40295358649789,5.331645569620253,,,,,2129.23375,-2.73974358974359,-1.3209523809523809,,,,2023-10-13 11:56:59.999999744
2023-10-14,236.80833333333334,4.04875,4.794583333333334,,,,,2541.688333333333,-7.235652173913044,-1.3179104477611938,,,,2023-10-14 11:56:59.999999744
2023-10-15,264.1478260869565,4.509130434782608,5.987391304347826,,,,,2054.7141666666666,-3.342608695652174,-1.3304761904761904,,,,2023-10-15 11:56:59.999999744
2023-10-16,255.57939914163092,4.6939914163090135,5.851931330472103,,,,,2208.65,-2.6670940170940174,-1.2388349514563108,,,,2023-10-16 11:56:59.999999744
2023-10-17,151.85897435897436,4.065822784810127,5.162869198312236,,,,,2356.218828451883,-2.678059071729958,-1.1181372549019608,,,,2023-10-17 11:56:59.999999744
2023-10-18,258.4621848739496,8.223109243697479,10.868487394957983,,,,,2498.38125,-5.39396551724138,-1.1955665024630542,,,,2023-10-18 11:56:59.999999744
2023-10-19,253.1350210970464,4.143459915611814,5.39873417721519,,,,,2548.981092436975,-6.565677966101695,-1.3732673267326732,,,,2023-10-19 11:57:12.803347456
2023-10-20,260.0553191489362,10.86936170212766,14.534468085106383,,,,,2544.592916666667,-8.764473684210525,-1.4085427135678392,,,,2023-10-20 11:56:59.999999744
2023-10-21,265.70168067226894,14.274789915966387,18.613445378151262,,,,,2442.6841666666664,-7.324583333333334,-1.4759803921568628,,,,2023-10-21 11:56:59.999999744
2023-10-22,259.7574468085106,11.247234042553192,14.345106382978724,,,,,2372.9933333333333,-10.705555555555556,-1.4779411764705883,,,,2023-10-22 11:56:59.999999744
2023-10-23,179.99148936170212,4.220851063829787,5.104255319148936,,,,,2110.548333333333,-9.667916666666667,-1.4819047619047618,,,,2023-10-23 11:56:59.999999744
2023-10-24,230.0672268907563,10.184873949579831,11.96218487394958,,,,,2067.1691666666666,-0.6046218487394959,-1.5,,,,2023-10-24 11:56:59.999999744
2023-10-25,255.7826086956522,9.146521739130433,11.670869565217393,,,,,2149.18875,-1.225221238938053,-1.4207920792079207,,,,2023-10-25 11:56:59.999999744
2023-10-26,165.87234042553192,4.519148936170213,5.685106382978724,,,,,2375.602928870293,-4.031739130434782,-1.5149038461538462,,,,2023-10-26 11:56:20.083681792
2023-10-27,260.5,9.775833333333333,11.81625,,,,,2032.78,-0.7814345991561182,-1.4338028169014083,,,,2023-10-27 11:56:59.999999744
2023-10-28,176.23605150214593,5.253418803418803,7.273931623931624,,,,,2785.772916666667,-3.248868778280543,-1.5142857142857142,,,,2023-10-28 11:56:59.999999744
2023-10-29,199.84453781512605,6.09201680672269,7.781512605042017,,,,,2553.3370833333333,-3.4269058295964125,-0.8182741116751269,,,,2023-10-29 11:56:59.999999744
2023-10-30,112.36796536796537,7.634199134199134,8.555844155844156,,,,,2219.025,-2.686752136752137,-1.2721698113207547,,,,2023-10-30 11:56:59.999999744
2023-10-31,94.79906542056075,11.690128755364807,14.195278969957082,,,,,2628.7304166666668,-2.7883116883116883,-1.5470588235294118,,,,2023-10-31 11:56:59.999999744
2023-11-01,84.38260869565218,6.894827586206896,8.16594827586207,,,,,2139.065833333333,-2.3261802575107295,-1.4874999999999998,,,,2023-11-01 11:56:59.999999744
2023-11-02,68.76793248945148,7.229535864978903,8.918565400843882,,,,,2329.8591666666666,-3.8852320675105485,-1.3145631067961165,,,,2023-11-02 11:56:59.999999744
2023-11-03,73.957805907173,12.697058823529412,15.164285714285715,,,,,2524.255416666667,-6.178879310344827,-1.5,,,,2023-11-03 11:56:59.999999744
2023-11-04,74.07627118644068,16.066525423728812,19.374152542372883,,,,,1773.6525,-7.3812500000000005,-1.5,,,,2023-11-04 11:56:59.999999744
2023-11-05,89.21028037383178,18.96926605504587,23.588073394495414,,,,,2640.0258620689656,-6.632019704433497,-1.5,,,,2023-11-05 11:46:28.448275712
2023-11-06,91.99551569506727,18.8,23.54957627118644,,,,,2392.24,-4.9020920502092045,-1.5,,,,2023-11-06 11:56:59.999999744
2023-11-07,80.09243697478992,16.746638655462185,20.422689075630252,,,,,2542.9279166666665,-4.946666666666666,-1.5,,,,2023-11-07 11:56:59.999999744
2023-11-08,69.07296137339056,18.70557939914163,22.037768240343347,,,,,2322.5029166666664,-5.692050209205021,-1.5,,,,2023-11-08 11:56:59.999999744
2023-11-09,81.51709401709402,24.222649572649573,29.973504273504275,,,,,2208.102510460251,-7.027272727272727,-1.5028846153846156,,,,2023-11-09 11:56:59.999999744
2023-11-10,78.22784810126582,24.711392405063293,29.99367088607595,,,,,2532.1445833333332,-5.24,-0.8422110552763818,,,,2023-11-10 11:56:59.999999744
2023-11-11,61.352422907488986,14.759471365638767,17.266519823788546,,,,,2554.1155462184875,-7.849152542372882,-1.3551020408163266,,,,2023-11-11 11:56:59.999999744
2023-11-12,95.97457627118644,8.261924686192469,10.848535564853558,,,,,2213.9666666666667,-10.623275862068965,-1.5970731707317074,,,,2023-11-12 11:56:59.999999744
2023-11-13,155.38912133891213,9.935564853556485,12.44979079497908,,,,,2352.328451882845,-7.547698744769875,-1.6,,,,2023-11-13 11:56:59.999999744
2023-11-14,231.1,10.649583333333334,11.54,,,,,2527.311914893617,-8.021367521367521,-1.6955223880597015,,,,2023-11-14 11:56:59.999999744
2023-11-15,184.2511013215859,7.493013100436682,8.832314410480349,,,,,2275.324267782427,-7.320338983050847,-1.7,,,,2023-11-15 11:56:59.999999744
2023-11-16,63.573839662447256,7.29327731092437,8.708823529411763,,,,,2710.23375,-6.950833333333334,-1.7,,,,2023-11-16 11:56:59.999999744
2023-11-17,220.36909871244634,5.133047210300429,7.228326180257511,,,,,2428.2121338912134,-13.041630901287553,-1.7,,,,2023-11-17 11:56:59.999999744
2023-11-18,229.82916666666668,6.085416666666666,6.928333333333333,,,,,2243.6375,-20.060504201680672,-1.7,,,,2023-11-18 11:56:59.999999744
2023-11-19,234.1,9.367083333333333,10.667916666666667,,,,,2170.5570833333336,-14.821551724137931,-1.7,,,,2023-11-19 11:56:59.999999744
2023-11-20,228.59166666666667,5.94125,6.497916666666667,,,,,2103.3533333333335,-15.282278481012659,-1.7,,,,2023-11-20 11:56:59.999999744
2023-11-21,148.9662447257384,5.686134453781513,6.158823529411764,,,,,1723.9554166666667,-11.703862660944205,-1.7,,,,2023-11-21 11:56:59.999999744
2023-11-22,191.25210084033614,3.4875,3.975,,,,,2054.02875,-15.373478260869566,-1.7066037735849058,,,,2023-11-22 11:56:59.999999744
2023-11-23,253.64583333333334,8.0925,9.360833333333334,,,,,1904.9266666666667,-11.8925,-1.7,,,,2023-11-23 11:56:59.999999744
2023-11-24,207.84518828451883,4.869583333333334,6.414583333333334,,,,,2328.40375,-12.050416666666667,-1.7346341463414636,,,,2023-11-24 11:56:59.999999744
2023-11-25,191.40167364016736,5.523849372384937,6.705020920502092,,,,,2364.9362499999997,-14.726694915254237,-1.7,,,,2023-11-25 11:56:59.999999744
2023-11-26,100.63948497854078,2.1748953974895398,2.6999999999999997,,,,,2062.076666666667,-11.621097046413501,-1.7,,,,2023-11-26 11:56:59.999999744
2023-11-27,82.27234042553191,0.6466386554621849,0.7663865546218488,,,,,2427.8887029288703,-11.111392405063292,-1.73681592039801,,,,2023-11-27 11:56:59.999999744
2023-11-28,245.62773722627736,8.986131386861313,10.483211678832117,,,,,2541.0284518828453,-6.83542600896861,-1.7612565445026176,,,,2023-11-28 11:56:59.999999744
2023-11-29,163.5391304347826,6.4670995670995675,7.1952380952380945,,,,,2616.5025,-9.541121495327102,-1.8,,,,2023-11-29 11:56:59.999999744
2023-11-30,221.1447963800905,3.8687782805429864,4.6669683257918555,,,,,2658.2150627615065,-11.24836956521739,-1.8,,,,2023-11-30 11:56:59.999999744
2023-12-01,193.29583333333332,2.5729166666666665,2.972916666666667,,,,,2120.145,-12.626778242677824,-1.8000000000000003,,,,2023-12-01 11:56:59.999999744
2023-12-02,103.421875,6.45979381443299,7.715463917525773,,,,,3162.008583690987,-12.336111111111112,-1.763095238095238,,,,2023-12-02 11:56:59.999999744
2023-12-03,61.958333333333336,11.664166666666667,13.16,,,,,2046.7308333333335,-9.520689655172415,-1.6999999999999997,,,,2023-12-03 11:56:59.999999744
2023-12-04,62.61504424778761,6.0194690265486726,6.773893805309735,,,,,2871.405416666667,-9.302197802197803,-1.7,,,,2023-12-04 11:56:59.999999744
2023-12-05,79.7,7.312953367875648,8.88238341968912,,,,,3057.2345833333334,-13.386144578313253,-1.6999999999999997,,,,2023-12-05 11:56:59.999999744
2023-12-06,213.76106194690266,3.8255506607929513,5.195594713656388,,,,,2131.3197478991597,-15.632195121951218,-1.7524271844660195,,,,2023-12-06 11:56:59.999999744
2023-12-07,178.57021276595745,1.9055319148936172,2.483829787234043,,,,,2202.911666666667,-17.746956521739133,-1.7091787439613526,,,,2023-12-07 11:56:59.999999744
2023-12-08,82.71244635193133,4.972881355932203,5.757203389830509,,,,,2246.4404166666664,-17.668995633187773,-1.7,,,,2023-12-08 11:56:59.999999744
2023-12-09,140.3435582822086,4.446625766871166,5.969325153374233,,,,,4458.2941666666675,-15.651948051948052,-1.7,,,,2023-12-09 11:56:59.999999744
2023-12-10,256.747572815534,2.7480582524271844,3.9150485436893203,,,,,3374.76875,-18.45263157894737,-1.6999999999999997,,,,2023-12-10 11:56:59.999999744
2023-12-11,138.48898678414096,3.377092511013216,4.317621145374449,,,,,2777.2341666666666,-18.83497267759563,-1.6999999999999997,,,,2023-12-11 11:56:59.999999744
2023-12-12,46.043668122270745,13.008733624454148,14.51528384279476,,,,,2243.735416666667,-18.499559471365636,-1.7,,,,2023-12-12 11:56:59.999999744
2023-12-13,39.18884120171674,10.803862660944207,12.14206008583691,,,,,2017.8420833333332,-19.39585253456221,-1.6999999999999997,,,,2023-12-13 11:56:59.999999744
2023-12-14,260.5762711864407,6.469915254237288,8.927118644067797,,,,,2402.0075,-17.57219512195122,-1.7,,,,2023-12-14 11:56:59.999999744
2023-12-15,163.66666666666666,4.7069264069264065,6.586580086580087,,,,,2550.4195833333333,-16.400446428571428,-1.7,,,,2023-12-15 11:56:59.999999744
2023-12-16,180.50520833333334,3.5385416666666667,4.5109375,,,,,4159.699166666667,-18.886486486486486,-1.7351515151515151,,,,2023-12-16 11:56:59.999999744
2023-12-17,164.52403846153845,2.4139423076923077,2.8447115384615387,,,,,2672.04243697479,-18.19559748427673,-1.7943589743589745,,,,2023-12-17 11:54:48.403361280
2023-12-18,93.04366812227074,0.07685589519650655,0.14366812227074235,,,,,3218.0299999999997,-21.145454545454545,-1.8,,,,2023-12-18 11:56:59.999999744
2023-12-19,111.8989898989899,0.0,0.05151515151515152,,,,,1904.5933333333335,-22.93873873873874,-1.8000000000000003,,,,2023-12-19 11:56:59.999999744
2023-12-20,,,,,,,,2008.57125,-21.897356828193832,-1.8000000000000003,,,,2023-12-20 11:56:59.999999744
2023-12-21,,,,,,,,2132.7100840336134,-25.28197424892704,-1.8,,,,2023-12-21 11:56:59.999999744
2023-12-22,,,,,,,,2426.3479166666666,-23.793333333333333,-1.7995098039215687,,,,2023-12-22 11:56:59.999999744
2023-12-23,,,,,,,,3222.5355648535565,-21.94058823529412,-1.8000000000000003,,,,2023-12-23 11:56:59.999999744
2023-12-24,87.6640625,12.846511627906978,15.215503875968992,,,,,2298.9525,-17.22586206896552,-1.8,,,,2023-12-24 11:56:59.999999744
2023-12-25,238.38695652173914,7.156086956521739,8.023913043478261,,,,,2562.1604166666666,-19.657435897435896,-1.8,,,,2023-12-25 11:56:59.999999744
2023-12-26,176.1931330472103,4.6,5.4334763948497855,,,,,2381.432083333333,-14.589270386266096,-1.8,,,,2023-12-26 11:56:59.999999744
2023-12-27,262.56302521008405,8.141176470588235,10.997478991596639,,,,,2285.615062761506,-18.092857142857145,-1.8,,,,2023-12-27 11:56:59.999999744
2023-12-28,155.00858369098714,2.4660944206008586,2.766952789699571,,,,,1910.3558333333335,-21.38279069767442,-1.8,,,,2023-12-28 11:56:59.999999744
2023-12-29,247.49367088607596,3.881434599156118,4.385654008438819,,,,,2178.1029166666667,-22.303043478260868,-1.8,,,,2023-12-29 11:56:59.999999744
2023-12-30,133.52586206896552,0.30043103448275865,0.3577586206896552,,,,,2778.7975,-21.848780487804877,-1.8059782608695654,,,,2023-12-30 11:56:59.999999744
2023-12-31,72.26262626262626,0.0,0.00101010101010101,,,,,1925.4786610878662,-21.922535211267604,-1.889047619047619,,,,2023-12-31 11:56:00.502092288
